290e09f2-8995-4e97-a5bc-baf198bdbc76|2026-08-06 16:50:00.04284+00|closed|
53f6ca1e-2d67-496b-a22f-56ebc9a51224|2026-08-05 16:51:50.079804+00|closed|
2cdc85ee-7dab-4c01-b154-d866d247f4a5|2026-08-05 11:58:53.406393+00|closed|
bef53aa1-cbfc-4c8d-985b-4552dcead4e8|2026-08-06 12:54:22.419451+00|closed|
557309ce-c613-4653-9516-1a273aa5991f|2026-08-05 18:59:58.094753+00|closed|
82a8953e-973e-4334-a757-1c1712b488c3|2026-08-05 18:59:58.094753+00|closed|
580bfbea-3b32-4553-b89a-4992126c17d7|2026-08-06 17:25:00.045162+00|closed|
14038761-b57f-4166-aa7b-bb3fb79c6686|2026-08-07 15:45:01.178887+00|closed|
4d8ea37b-05e2-455e-9d81-190f25805f70|2026-08-07 15:50:00.09418+00|closed|
0354fde2-22a6-45b2-9eed-a3d59ff2677b|2026-08-06 17:30:00.046373+00|closed|
cb8835bf-547b-4453-a1dd-788a2af033b8|2026-08-05 06:50:00.050191+00|closed|
ace62bdf-5ada-442f-92cb-2f1dc2182dbf|2026-08-05 08:55:00.128007+00|closed|
4dc69af1-804c-4712-9df9-b8b175785d23|2026-08-06 01:48:55.572802+00|closed|
07343377-27ae-4541-8af1-05d22a634e0d|2026-08-05 12:12:35.278653+00|closed|
2cba9a3f-2331-445c-80ae-6526e8200485|2026-08-05 02:33:16.295874+00|closed|
8db71e5b-d8e2-42c7-aab4-fc2172a18797|2026-08-06 17:45:00.728368+00|closed|
adcb1322-f2ef-4025-a465-6799e8089dc4|2026-08-05 02:58:53.53345+00|closed|
9bb8b2df-f0a4-4d9e-af7e-10de47c9cfe5|2026-08-04 22:34:22.605289+00|closed|
4625f492-d5ff-41c3-a79c-38ac0562849a|2026-08-04 22:34:22.605289+00|closed|
2c6d59e6-2f6f-4f53-9514-4a2b64c9fc0f|2026-08-04 18:07:46.513192+00|closed|
5a5d7f41-cbee-49fe-abc2-4ffc81195a3d|2026-08-04 18:07:46.513192+00|closed|
132b3a08-fe7d-4e62-9325-bb502ac0960e|2026-08-05 05:45:00.421766+00|open|
60cd5832-3f28-41fe-b13a-0cd0f617b483|2026-08-05 05:45:00.421766+00|open|
e72996c4-509b-4c39-b44e-0735dd10fc64|2026-08-05 05:45:00.421766+00|open|
7504748d-e081-4a82-a1bb-9b22d4fa3109|2026-08-05 05:45:00.421766+00|open|
bffce6cb-a83f-4883-96ad-c66f02cb2caf|2026-08-05 05:45:00.421766+00|open|
bdcb5d0c-cec3-465a-b05f-faa4ff6b45f1|2026-08-05 05:45:00.421766+00|open|
1ba3d6d6-dda5-4843-9753-d67b2bbb9754|2026-08-04 18:07:46.513192+00|closed|
593995dc-d2b0-4028-9ef9-62e2bf0ffdfc|2026-08-06 05:52:33.816774+00|closed|
98e08cf7-50a1-4a6e-89d7-a57cf2b20ec8|2026-08-05 13:01:56.53426+00|closed|
b7da41a7-469a-488f-9f26-6ff685202187|2026-08-08 05:45:00.07611+00|closed|
9f2fd205-4447-4772-b9de-45d4357bbefc|2026-08-05 13:05:00.034355+00|closed|
18d3c470-51dc-46ee-8c9d-cfc3d7cbe571|2026-08-05 13:05:00.034355+00|closed|
2463e3ab-7dee-4a2c-9fd6-6b1d830721d4|2026-08-05 22:57:46.388453+00|closed|
674b4294-6637-40ec-9516-42be4cac078d|2026-08-05 10:04:04.598777+00|closed|
69c3910d-3fab-4480-b7be-dd74d91a2298|2026-08-07 12:25:00.110521+00|closed|
c1c3ff7e-0611-4084-9409-74a37e37f163|2026-08-07 09:05:00.062412+00|closed|
60684b84-8dee-4112-94c7-9844359b97d9|2026-08-11 03:53:09.167937+00|closed|
fc8d80c5-1b18-4711-b846-955f44be3c20|2026-08-05 19:54:21.655434+00|closed|
c92b3f98-cee2-4cda-8772-b1cb93f42c0c|2026-08-09 07:35:00.038259+00|closed|
646e4f0e-f17c-40e5-b346-3c4f4c402ddc|2026-08-09 11:15:00.151169+00|closed|
f5ca559e-e7b5-4459-bed9-171cbe1bcd8f|2026-08-05 08:55:00.128007+00|closed|
ff7cc1d6-9de4-4154-9b03-3c397b683a11|2026-08-05 11:49:44.49643+00|closed|
2b877eb2-681d-48d1-96b8-42b767942936|2026-08-05 07:10:00.101162+00|closed|
180cc688-1e4f-436a-a2ef-90578dd40b89|2026-08-06 11:30:01.468131+00|closed|
a6a85aa4-1a36-4cde-b3b8-b96ed443c6fc|2026-08-07 22:04:06.721905+00|closed|
3fd2dfe8-c28b-418e-b472-3874d49cd6e9|2026-08-06 16:00:36.025953+00|closed|
ca21a662-3a25-4dc4-8098-e5e6894b1a8e|2026-08-06 16:30:00.63414+00|closed|
b1791da1-f486-4140-96bf-049107802856|2026-08-05 21:57:04.044673+00|closed|
1e7fd3d1-4df8-40b6-b838-2e2d50ea7406|2026-08-08 12:45:02.669411+00|closed|
1e3b18d3-32e5-44d9-bf42-3841c730657a|2026-08-08 15:05:00.08575+00|closed|
c2a7f036-8110-46cf-a710-a77558351c0b|2026-08-05 21:57:04.044673+00|closed|
36e84c61-d1e6-4ee7-9433-0da28de37916|2026-08-07 02:42:06.933366+00|closed|
c7ac33a8-282c-446b-82bc-5f0deb858f7a|2026-08-06 07:45:00.398484+00|closed|
bfac5fb6-6b40-4e3b-891a-b09405e50620|2026-08-06 16:40:00.082055+00|closed|
015da949-1330-4fab-9f44-f8d483b59445|2026-08-06 17:15:00.54236+00|closed|
4018ec37-9ffc-4f7c-a12c-d7dfda161408|2026-08-08 12:55:00.120815+00|closed|
bf702ff8-bbab-46eb-bb2a-1a613fffba7b|2026-08-07 00:11:35.90034+00|closed|
8399e12a-b460-4253-b614-7bf722684473|2026-08-11 15:41:01.537811+00|closed|
88b6d4fa-2d32-455d-9ccb-0e2db1e0c1a9|2026-08-18 16:20:53.544448+00|closed|
70d69cce-ef53-43a4-9a1d-fd5e0b098da3|2026-08-10 15:58:57.554135+00|closed|
49ea7754-e519-4b25-ad38-480954d8ce70|2026-08-11 03:29:01.802513+00|closed|
c2e7b352-d1d2-4a1d-b3a0-cc35aa7d69ea|2026-08-11 15:37:29.612132+00|closed|
2a16235e-baf8-445e-9c6a-360d0f4db626|2026-08-11 03:29:21.853421+00|closed|
23647d09-da5e-4a46-ba23-c78ade0ab780|2026-08-09 09:35:00.278286+00|closed|
88b4a0eb-4d7b-4a5c-8ee7-7533ac6dcd3f|2026-08-07 05:45:00.090514+00|closed|
4c006f7e-f9bf-44fa-b0e1-8152cecd75e8|2026-08-08 11:12:10.398638+00|closed|
4fd17b28-e895-457f-a7f1-53f55d8214d4|2026-08-08 11:12:17.743005+00|closed|
44780753-ec44-49d3-aec4-312d35b4e294|2026-08-08 11:12:22.738741+00|closed|
a24f6c27-4b98-4878-b7eb-9c275b562f03|2026-08-08 11:12:28.104176+00|closed|
8374fd40-e770-4bfc-9d2e-89785f9e9993|2026-08-08 11:12:59.802698+00|closed|
a74159a6-58eb-4f0b-bc16-dc829af5f000|2026-08-10 11:56:44.357623+00|closed|
b62455c7-bc20-4627-b5a9-7f54878ed16c|2026-08-11 03:29:51.973225+00|closed|
6fa625a5-c7f7-4dd6-842d-7c195cfc64fb|2026-08-08 11:25:00.169919+00|closed|
93994d1d-c793-4588-8504-6f059986fd9d|2026-08-08 03:22:57.380415+00|closed|
40540534-ef9d-4f61-9ec2-194ee47d4cec|2026-08-08 05:35:00.044399+00|closed|
6f908063-d9b2-420f-b51c-c13762e5a157|2026-08-08 11:00:00.154427+00|closed|
3cd3ac15-7e86-43a4-851a-61bc474188aa|2026-08-08 15:45:03.017475+00|closed|
1b4e2580-285b-4691-a579-adbbed63d442|2026-08-10 07:23:22.966176+00|closed|
c41ae1fb-d4ca-4910-9cff-207844115c53|2026-08-09 21:23:15.224909+00|closed|
4fad3a3a-dd40-43ab-8538-7cebd0e07f8a|2026-08-09 15:25:00.203135+00|closed|
56c62ff6-d6bf-4a0f-b45a-65f949e43650|2026-08-09 12:59:37.157971+00|closed|
ac4ee3fe-48c9-4151-9a95-c4fcc7d6ad2b|2026-08-11 14:26:17.912224+00|closed|
8651c6e5-02cc-4594-97b7-78800a2702cd|2026-08-11 17:19:04.508295+00|closed|
64ba85d8-03a2-49ac-a4f8-73ea098237a4|2026-08-11 15:14:14.783705+00|closed|
71070bbe-6865-4811-a283-4c5da7ee374b|2026-08-10 07:39:59.381786+00|closed|
3a6ee762-88c9-47cb-bdd9-d65962bddd32|2026-08-10 00:56:42.848425+00|closed|
6b48378b-f27a-4b13-b3f9-c4bb413ee224|2026-08-09 19:18:22.738971+00|closed|
3067c404-48dc-4db6-8fb7-23fd000df7e9|2026-08-11 03:30:05.511391+00|closed|
50c1165e-ecc0-4ad1-a77e-628bc766431a|2026-08-19 04:08:16.242802+00|open|
a4e14dbd-efb1-4816-bcde-1c2604add48d|2026-08-11 17:30:43.196+00|closed|
0b70ce6e-016c-4279-90fc-9cc9dc407f18|2026-08-09 04:46:38.049456+00|closed|
e0162b2d-8ed6-4e43-85b8-0716ee245aa4|2026-08-09 06:55:00.077716+00|closed|
41951c80-3a48-4020-9720-e29d22088d94|2026-08-09 12:50:00.163556+00|closed|
d0318cfe-84ef-4ff6-9ff0-784518d9fffd|2026-08-10 00:26:13.9908+00|closed|
4871e891-8107-485a-aec8-bf648220f208|2026-08-18 16:41:56.39572+00|closed|
f1a24032-eca2-4e47-a6e2-92784f4ed3ff|2026-08-10 00:25:20.17342+00|closed|
8e186344-15df-4a6b-ae27-2d8ee163b9b4|2026-08-10 15:32:16.787063+00|closed|
2bb7c613-3a2f-4c2f-accb-16fc77797d5b|2026-08-12 15:37:41.351777+00|closed|
e5c8744c-153c-460d-b276-1dce1bd20804|2026-08-12 17:55:02.71521+00|closed|
f14ba0a3-c403-49fa-82ba-347b0097b419|2026-08-11 18:06:59.088745+00|closed|
afb384a6-3f48-4adf-9be8-ebf7d13f91c4|2026-08-11 12:09:58.91265+00|closed|
a380c86e-6a98-413b-a5cb-97e57c0ef2cf|2026-08-16 07:18:13.083528+00|open|
063156ef-382a-46d1-909b-d3db09ea2742|2026-08-15 07:33:52.024023+00|closed|
d4365dd7-4a5c-484f-8176-4e9746d5f0da|2026-08-11 15:42:16.621264+00|closed|
fd5d3f24-d8d8-447a-95ef-172b38cb52b1|2026-08-11 10:32:40.844968+00|closed|
b4268cc8-9273-4a09-b7cd-15256a50ed03|2026-08-11 16:43:14.664747+00|closed|
f2aa62cc-1683-40f4-acfd-70bbca1e34f4|2026-08-11 03:29:51.973225+00|closed|
d8fcf710-bb3c-4966-9567-ea56962daf47|2026-08-11 17:37:04.204606+00|closed|
bc291a6c-8e26-433b-a93c-c8ca68ebff70|2026-08-11 19:45:15.782656+00|closed|
3543ca12-3bd1-43db-ade9-9252c299666c|2026-08-10 07:06:16.650455+00|closed|
4de2f9fd-4adc-49a9-a0e3-ff382631c57c|2026-08-16 12:38:16.589004+00|closed|
23f47376-fe21-4405-8701-c68b3c5a8ed6|2026-08-13 02:02:47.476564+00|closed|
6c77f438-6dce-45a6-bead-95c14acbda5e|2026-08-11 05:40:49.662999+00|closed|
deaff2ca-75e7-432f-9a20-328cc0dc9b92|2026-08-11 20:03:20.270979+00|closed|
f2081488-d74d-4fc9-a8c5-9518e05412f9|2026-08-17 15:58:35.687505+00|closed|
681abbda-d69f-4bdb-87e1-011f2bc0e5ff|2026-08-11 03:29:21.853421+00|closed|
11285aa3-e1bf-48a4-a53e-a3b409c10e32|2026-08-11 03:29:21.853421+00|closed|
48020835-3ab9-4140-a7e5-a4e384a4ab43|2026-08-10 18:52:41.941773+00|closed|
5282bf47-ea7e-47e2-a704-5dcc4dfb0b78|2026-08-11 08:42:44.250674+00|closed|
039794f7-f7de-48f6-9e34-bae582b096b8|2026-08-12 23:00:46.221537+00|closed|
a0ef6171-500f-41b4-a1f0-cf98ed384119|2026-08-16 07:18:04.3969+00|open|
d8c800ff-0ff9-4d0e-aef0-975c617c69f0|2026-08-11 18:22:14.863783+00|closed|
cc998710-b4db-4a13-9402-2b06e5e197ce|2026-08-16 07:18:05.88399+00|open|
f057edc7-3dc8-4ac0-8df1-811a7208f7a6|2026-08-16 07:18:08.976474+00|open|
f1cdb8a3-13e0-47aa-b567-4d2413ae7be0|2026-08-16 07:18:13.083528+00|open|
3c12e19b-94a9-4a66-9ca2-647193b20841|2026-08-16 07:18:13.083528+00|open|
f43a58fd-ae65-404c-ae84-b2d17031bb4d|2026-08-10 12:06:48.690157+00|closed|
570fa40f-a503-4c99-8146-2cb99ee60d01|2026-08-10 15:15:24.660102+00|closed|
3f102fcc-501c-4eb3-a696-18613c7ebb5f|2026-08-11 17:18:28.094341+00|closed|
71f5d333-d204-460d-bf76-4b7b28bcd53d|2026-08-12 20:42:44.51452+00|closed|
fed309ba-1b33-4946-865b-7b1d5fc91645|2026-08-11 04:34:24.495313+00|closed|
fbd55031-732a-4814-bf3e-5d970a427721|2026-08-16 16:27:43.811489+00|closed|
9855f401-cf18-43c9-8ac2-bb7b95f2623d|2026-08-11 19:13:07.113974+00|closed|
48a78f58-cb26-425a-bc65-a21bebb6c584|2026-08-16 16:29:52.217897+00|closed|
58a5f927-50e1-4e46-9f6e-38fdfbde9bcd|2026-08-12 12:15:26.315287+00|closed|
da5d8fba-0284-4144-88fc-f4050e579784|2026-08-11 07:46:08.568564+00|closed|
a1df48ae-7e2a-4882-a248-7813679b8aee|2026-08-16 07:18:00.461083+00|open|
c7872058-41fd-4ccb-b540-98b1e4dbc915|2026-08-16 07:18:00.461083+00|open|
6b247149-9a10-404b-88e5-eb3f68146c8c|2026-08-16 07:18:13.083528+00|open|
6d82e1ca-2fed-437a-9675-67c93f8bede9|2026-08-11 13:19:20.45263+00|closed|
757ed7f0-ff5c-4100-9206-f328299e5c25|2026-08-12 15:28:11.172975+00|closed|
db3ed2d4-521f-4f24-83fe-b4e7ee12296a|2026-08-10 15:16:17.999086+00|closed|
4ae141b1-8ce5-4292-8e58-62a270ed4b07|2026-08-12 16:38:25.491869+00|closed|
040d78b4-a330-47fe-be82-90f7cf79baec|2026-08-11 20:16:39.046272+00|closed|
c4776d3a-7fc2-46c6-af9e-7cac574dd998|2026-08-12 21:43:25.335394+00|closed|
981bfa12-13d5-4f62-80a0-74ba8d6d0755|2026-08-11 03:29:21.853421+00|closed|
aa915e64-b5a1-42fb-92ac-b83d9b2cb450|2026-08-16 09:00:54.544573+00|closed|
e3f81750-8ab5-4467-bccf-1493cd0669be|2026-08-17 15:12:24.117754+00|closed|
b9fddebb-ca19-45ff-b233-6fad57e2d87a|2026-08-10 16:59:17.502135+00|closed|
1546bcb4-68d3-4a6b-acc5-1ff554e2b4e1|2026-08-16 07:18:00.461083+00|open|
1e0219cf-2e2f-4850-8a8d-9ba90c9762af|2026-08-12 00:54:07.126691+00|closed|
7251d7ce-2865-4d58-921c-e44ca177ae2e|2026-08-16 07:18:00.461083+00|open|
d44781d3-495e-45ee-8ab7-d90e4575f53e|2026-08-16 07:18:00.461083+00|open|
8864a96f-0d0c-402f-bdfc-50fde7706ea8|2026-08-19 04:08:16.242802+00|open|
a71a903e-ff34-49fd-a4a2-5cbb0827c822|2026-08-16 13:07:39.655788+00|closed|
546b8c25-0119-456f-8fbe-05286f6315a4|2026-08-18 21:49:28.598069+00|closed|
7ca581f9-2ad3-4e82-9b1a-359660021eea|2026-08-17 13:48:18.989155+00|closed|
2c83d3ef-4a16-418b-9876-d7bd405c69c7|2026-08-10 16:23:21.77669+00|closed|
0781750a-c122-4822-b6f6-25a8a4a247b4|2026-08-14 09:33:23.243886+00|closed|
89fb4ffa-1954-48e6-bbc9-926e4a8e8a12|2026-08-13 17:18:35.913924+00|closed|
b26731c3-3b9a-44bb-8465-7d6ff91a7d51|2026-08-17 13:15:17.202269+00|closed|
6d86ad14-032c-4b26-bf64-63c84548e656|2026-08-12 13:30:27.061116+00|closed|
ab71efce-4e15-4ae7-a1d7-033eaaea40ce|2026-08-18 05:07:12.047+00|closed|
0ce4356c-59f8-4980-a24a-e08841a76a62|2026-08-18 05:07:12.047+00|closed|
fec44f70-741b-4146-b394-f73333de1c1a|2026-08-18 05:07:20.041351+00|closed|
a5b1a7f4-9cbf-4311-a3ff-502a5ae5866c|2026-08-16 07:18:00.461083+00|open|
7e8218d5-5c62-4f3d-a963-87d7e9d15a6f|2026-08-16 07:18:02.756548+00|open|
05e32173-7315-4b9a-8e43-9c1e095ffb92|2026-08-16 07:18:07.474906+00|open|
1fa66812-dcc5-4950-9e40-aebb813426e1|2026-08-16 07:18:07.474906+00|open|
65b63f5e-8bfd-4cea-9b82-f9e25e326c7d|2026-08-16 07:18:08.976474+00|open|
1fcde894-300d-4bd4-aba7-e74756b42f59|2026-08-16 07:18:10.225903+00|open|
851a08a0-01c6-4907-961d-02a09c7b1f8e|2026-08-11 12:48:51.135728+00|closed|
64c46a28-71c9-4402-92c8-e4e218ffa0af|2026-08-17 01:48:41.579472+00|closed|
1c5e8bfa-c1d7-423f-b921-d6833734a659|2026-08-16 12:22:29.057817+00|open|
4eab9b3c-e9a4-4f8a-9886-5f6269124e8d|2026-08-16 21:51:19.371933+00|closed|
7b038494-85d0-451f-8a48-fe4520bc4a33|2026-08-17 16:20:24.662868+00|closed|
32c4f53a-966a-439f-81d2-695a65744245|2026-08-17 15:53:00.673257+00|closed|
1ddb43aa-efcb-45bc-aee7-decf53399ec6|2026-08-16 07:18:02.756548+00|open|
c871015c-34b6-48d3-96af-2111c3b3059a|2026-08-16 07:01:55.194098+00|closed|
d8e30ae4-16d1-473b-900e-94daa4d45e2a|2026-08-18 19:01:07.506639+00|closed|
8ce97a40-f51d-4d40-84d6-b9fcdce3fdcb|2026-08-15 00:09:27.853442+00|closed|
eda89dde-c642-4d8f-9274-b1d6d31895df|2026-08-19 04:08:16.242802+00|open|
3e27e859-d1dd-4520-bf19-9e50af043ed6|2026-08-19 04:08:16.242802+00|open|
de2a52c9-329e-41ae-9e5d-1c6ca0ff4c1d|2026-08-19 04:08:29.7638+00|open|
a07b4731-9c78-4d49-8b48-2b24c69ead7f|2026-08-15 01:50:20.546928+00|closed|
47cf94c3-2956-4e07-a29c-a607689735f5|2026-08-18 18:21:22.269727+00|closed|
e4bc54aa-a6dc-4419-baaa-48320a59ed9a|2026-08-16 12:37:56.599786+00|closed|
40b24ba0-c767-43e4-89a1-d4e2a7b6c0c1|2026-08-19 04:08:16.242802+00|open|
0ea78a00-b066-4ab8-86b8-2a8b86a9b117|2026-08-19 04:08:22.214887+00|open|
618bd661-f559-4b12-b5fb-6152c00c54c1|2026-08-18 09:42:59.590972+00|open|
b085f689-c070-4011-be5e-ae1b6857afc4|2026-08-16 07:18:04.3969+00|open|
a7075b60-48cb-4480-aae8-e4c1a6cdbe4d|2026-08-16 07:18:05.88399+00|open|
ea7cdd2a-2e97-47e9-b62e-9dafbf5c77df|2026-08-16 07:18:05.88399+00|open|
81b6a70f-8569-4c49-929d-d8a10241410f|2026-08-16 07:18:08.976474+00|open|
7cfc6bc1-d956-40f6-b2c9-325057216d50|2026-08-16 07:18:11.588779+00|open|
90026f63-b966-4d78-a2d6-7ba4fd20af29|2026-08-16 07:18:11.588779+00|open|
a05d476b-a469-4b0e-a7b0-ef72d6b77d1a|2026-08-16 07:18:00.461083+00|open|
99df2b37-e5a9-46fd-81a1-e8c6598824a5|2026-08-16 07:18:11.588779+00|open|
db102994-2d49-4aec-930b-452a8925c6a7|2026-08-16 07:18:13.083528+00|open|
ed2986dd-fac4-438d-9b2a-dca10c73c6c1|2026-08-19 04:08:22.214887+00|open|
0cb226ad-8615-4896-aa17-5edcfce27654|2026-08-18 21:36:31.8068+00|closed|
1fa708de-236a-41e0-bdf6-bd1f833098a3|2026-08-16 07:18:02.756548+00|open|
f1d79c76-fb35-4405-a72d-ee46b500c513|2026-08-16 07:18:04.3969+00|open|
7c8d9aec-0c30-4b83-bc5e-cfe65c8ddd50|2026-08-16 07:18:04.3969+00|open|
6e90c845-ba1c-44b3-9e08-24af9ded6da7|2026-08-16 07:18:04.3969+00|open|
118f5130-4452-4a46-9254-286a457b52ea|2026-08-16 07:18:05.88399+00|open|
3425b671-f89e-4759-946b-840ca3002447|2026-08-16 07:18:11.588779+00|open|
d30599d2-4df9-452e-9d09-8cfbfe54a43d|2026-08-16 07:00:49.323365+00|closed|
4e49c6f4-4ef3-485d-8ebe-52b55969e14f|2026-08-16 07:18:00.461083+00|open|
a9810cb5-57c5-45ae-9ded-b0e96450cfd1|2026-08-16 07:18:04.3969+00|open|
f1c50ebb-0f4a-4721-8fd0-a3741ab0fdac|2026-08-16 07:18:13.083528+00|open|
c8e44b4e-f2a5-48fc-9039-0c40a305896e|2026-08-18 16:14:11.89672+00|closed|
5debd314-c5d1-428f-a445-90a2df1449cd|2026-08-19 04:08:29.7638+00|open|
0d339cb2-b8ac-499d-a604-0a8bd3698a86|2026-08-19 04:08:29.7638+00|open|
02b54879-29d8-4ff1-8e8d-f8282f0cb386|2026-08-16 07:18:02.756548+00|open|
97085ac0-5f51-4e41-b035-1386032b93d3|2026-08-16 07:18:02.756548+00|open|
ce0ce4ad-7a59-4280-b3b7-6230758a2104|2026-08-16 07:18:02.756548+00|open|
25a7dbe0-319e-4e0d-bfbb-acd377a39116|2026-08-16 07:18:02.756548+00|open|
49814ebc-6640-43a5-be75-374a381b1434|2026-08-16 07:18:04.3969+00|open|
5142ef6d-4422-4338-9f60-c6130779676a|2026-08-16 07:18:04.3969+00|open|
8535819b-161c-417c-9b6b-7e26ce0ba770|2026-08-16 07:18:05.88399+00|open|
0bdb9bd2-ccbf-4e72-a98f-89e890f8f603|2026-08-16 07:18:05.88399+00|open|
eab42b5b-2eef-4a63-babc-2a52993bd6e7|2026-08-16 07:18:05.88399+00|open|
75a4c27e-b768-4d16-86fc-7d3b318789c4|2026-08-16 07:18:05.88399+00|open|
709a34fc-0795-4688-a985-32cc43b33774|2026-08-16 07:18:02.756548+00|open|
071fcdd2-a4f7-42e7-b79e-a0b627ca9168|2026-08-16 07:18:04.3969+00|open|
ddc1e45b-50f2-4f6e-ae17-29c55eaca69c|2026-08-16 07:18:05.88399+00|open|
1c9c4e4f-698b-400d-9d32-a04ada0cc48d|2026-08-16 07:18:05.88399+00|open|
e3dac886-1a6d-415b-860a-e3ff94c3ac91|2026-08-16 07:18:05.88399+00|open|
ffdd47bd-a1e8-4eba-9a72-b5a04aab0fe8|2026-08-16 07:18:05.88399+00|open|
87ee471b-ed3f-4b3e-bb1c-9236dd741e09|2026-08-16 07:18:05.88399+00|open|
26aba19b-852a-438c-adde-ab534ee2f29d|2026-08-16 07:18:13.083528+00|open|
63c68936-9d32-42e2-8606-be269561cf96|2026-08-16 07:18:13.083528+00|open|
d14c5b8e-2638-4965-a071-ed2bbd5a3567|2026-08-16 07:18:13.083528+00|open|
fbd05c54-c3cd-4108-979a-8098632b3589|2026-08-16 07:18:00.461083+00|open|
954b5473-6c08-4c81-aaba-6d260b645569|2026-08-16 07:18:02.756548+00|open|
a9046f0c-cbd0-4378-8c28-3984b3f12a28|2026-08-16 07:18:02.756548+00|open|
5cfc2894-4e4f-4b50-bc91-b6e9cc2e8c59|2026-08-16 07:18:04.3969+00|open|
3cc3c2b3-c4b9-4cf3-ba14-86d665cd6e2f|2026-08-16 07:18:04.3969+00|open|
50b5bc34-d3f2-4b73-a4d3-cf7b8b851564|2026-08-16 07:18:11.588779+00|open|
da91a592-9dc8-421a-9777-f372be142eea|2026-08-16 07:18:13.083528+00|open|
e95754a7-2151-464f-9990-2c4cea3b8e37|2026-08-16 07:18:02.756548+00|open|
64d3dc8f-3e40-4b93-ad4f-a51751041f08|2026-08-16 07:18:04.3969+00|open|
c254ea00-4ef9-435e-abca-ae09819f9b4b|2026-08-16 07:18:04.3969+00|open|
2404ab0d-5790-4b86-b486-861134678df7|2026-08-16 07:18:04.3969+00|open|
8d91ac29-6122-43c4-b655-2f7ee9c074ed|2026-08-16 07:18:04.3969+00|open|
ad56f58a-8540-430b-9559-e58c0969d88f|2026-08-16 07:18:04.3969+00|open|
4935df1b-d895-43e3-b510-b77ee15289a9|2026-08-16 07:18:05.88399+00|open|
b563dc63-537c-4a23-8c73-b5263cd91379|2026-08-16 07:18:07.474906+00|open|
129c27e2-0b27-4d6c-ab5a-3f1e22a36345|2026-08-16 07:18:07.474906+00|open|
6ee2004c-2e8d-47aa-8b44-c12fd0f64e7b|2026-08-16 07:18:02.756548+00|open|
b7cbafdb-3cf9-4fb7-b7ec-94a7823fb531|2026-08-16 07:18:04.3969+00|open|
f8c40e46-5f49-4952-bfc7-d16e0d774c3b|2026-08-16 07:18:04.3969+00|open|
d5890f0e-592b-4aa5-b1c6-b74642c1b455|2026-08-16 07:18:05.88399+00|open|
5840766b-704b-49c9-aa21-355fc093174a|2026-08-16 07:18:05.88399+00|open|
f8c0bfa8-00c7-4b0a-8e90-49f310eda753|2026-08-16 07:18:00.461083+00|open|
bc676c08-71e0-4c71-82a9-aa874d0c3ea1|2026-08-16 07:18:07.474906+00|open|
5775df54-9c91-4fa4-aa26-e4f8c2aaee55|2026-08-16 07:18:07.474906+00|open|
1f2a1799-f6dc-4394-8303-ecc2dd63e53b|2026-08-16 07:18:07.474906+00|open|
92b789ba-2dc5-4311-8cd7-d3f5bf8e3516|2026-08-16 07:18:00.461083+00|open|
e296a15b-eeb4-48c5-9e09-d33be6e4509d|2026-08-16 07:18:00.461083+00|open|
71aeca9d-6adc-402d-a927-ccf0a99f53ef|2026-08-16 07:18:02.756548+00|open|
743ae9e2-22ce-4b3e-8451-a7be6fb00d96|2026-08-16 07:18:04.3969+00|open|
907f802f-80d7-4a34-9364-460adf1445dd|2026-08-16 07:18:04.3969+00|open|
0f0c219d-aba9-4bea-8beb-756d922b00fd|2026-08-16 07:18:05.88399+00|open|
ae3ac958-c7f6-4de4-a086-ced984954210|2026-08-16 07:18:11.588779+00|open|
b9381a98-4a1c-4464-9071-6c9a6f814457|2026-08-16 07:18:00.461083+00|open|
b6512524-e355-46ca-afef-ff8ac5476426|2026-08-16 07:18:00.461083+00|open|
51d8946f-5d9b-4bac-956e-1bebda5597ab|2026-08-16 07:18:02.756548+00|open|
761f838c-42fe-40dc-80a8-9cfab6b8fdd9|2026-08-16 07:18:02.756548+00|open|
cd984a69-44de-48cf-8fc3-73757a074515|2026-08-16 07:18:04.3969+00|open|
3ec2d9a9-e8c2-47e6-9f74-8649847a6f90|2026-08-16 07:18:13.083528+00|open|
c0edec14-337d-4b0d-ab05-848f6f19d0ee|2026-08-16 07:18:13.083528+00|open|
f402c95e-f933-4b05-80fc-dcb2068b73e3|2026-08-16 07:18:13.083528+00|open|
035c2159-715a-496d-9b44-aee769e382a6|2026-08-16 07:18:00.461083+00|open|

