audit_id,position_id,mint_address,entry_at,exit_at,entry_price,exit_price,net_return_pct,entry_liquidity_usd,exit_liquidity_usd,entry_market_cap,opened_at,entry_rank,entry_volume_24h,snapshot_liquidity_usd,mfe_pct,mae_pct,mfe_time,mae_time,is_collapse,path_length,volume_24h_to_liquidity
6512062c-84e2-4f98-b148-cfb617247e4e,cb8835bf-547b-4453-a1dd-788a2af033b8,DnmdeUqUxyGKRd5WN4nfSZP3zbzG3giB6vaERD4apump,2026-08-05 06:34:19.840157+00:00,2026-08-05 06:47:29.028538+00:00,8.761e-05,0.000111675,24.4075,20455.35,23200.85,87606.0,2026-08-05 06:34:19.840157+00:00,2,158339.3,20455.35,69.95776737815316,-6.140851500970201,2026-08-05 06:39:16.078592+00:00,2026-08-05 06:35:16.673247+00:00,False,49.0,7.740727975810729
6248babc-c791-449e-843d-de6dc2f66f9c,2b877eb2-681d-48d1-96b8-42b767942936,3e53B7z3kkWcp9NrpJsRC5e5U6sNwxbHXmAXBH5tpump,2026-08-05 06:34:19.840157+00:00,2026-08-05 07:05:34.845398+00:00,0.0002013,0.00015735,-23.405,32669.19,28736.31,197352.0,2026-08-05 06:34:19.840157+00:00,8,622174.44,32669.19,4.22255340288128,-21.95727769498261,2026-08-05 06:36:29.476718+00:00,2026-08-05 07:05:34.845398+00:00,False,93.0,19.04468522176399
30ea65a2-7aba-49e4-b067-cf0d65e4832e,f5ca559e-e7b5-4459-bed9-171cbe1bcd8f,8KomtC3jBZiW1g791pnHVxcNyX5JhTPMKJpsv232dPcy,2026-08-05 06:34:19.840157+00:00,2026-08-05 08:54:44.632979+00:00,0.001258,0.00136875,6.7862,79958.49,20751.44,1257337.0,2026-08-05 06:34:19.840157+00:00,10,163985.74,79958.49,45.07154213036566,-92.65580286168522,2026-08-05 06:58:00.875249+00:00,2026-08-05 08:54:44.632979+00:00,True,142.0,2.0508859034231386
3312f807-a582-41b0-853f-69b53d13252c,ace62bdf-5ada-442f-92cb-2f1dc2182dbf,Gk1vw7FFUsijxz1DaFhn9RL99dNQo6NVkjjfxojpump,2026-08-05 06:34:19.840157+00:00,2026-08-05 08:54:44.632979+00:00,0.0008191,0.00072375,-24.2927,64120.54,1326.1,819160.0,2026-08-05 06:34:19.840157+00:00,4,26461.62,64120.54,17.812232938591137,-99.83909168599682,2026-08-05 07:18:35.278494+00:00,2026-08-05 08:54:44.632979+00:00,True,141.0,0.41268554506870964
5fc9b6d4-bc3f-48f2-b98f-5b67dc1ec1ed,674b4294-6637-40ec-9516-42be4cac078d,Gymbmn9wwMKe4NnmVceyyfpncp9arbwPfSdBsyY9pump,2026-08-05 06:34:19.840157+00:00,2026-08-05 09:08:03.988807+00:00,0.003076,0.0027555,-11.1096,297310.15,295982.06,2984448.0,2026-08-05 06:34:19.840157+00:00,5,3188444.8,297310.15,19.4408322496749,-11.996098829648894,2026-08-05 06:58:00.875249+00:00,2026-08-05 09:08:03.988807+00:00,False,189.0,10.724305241512944
fe9b0bc9-430d-4a21-9e3f-d0cccfac466e,ff7cc1d6-9de4-4154-9b03-3c397b683a11,9XJ2YD29HKnCsGKHFuVvPsrNBshFi77FjxB3ay7BbBuq,2026-08-05 06:34:19.840157+00:00,2026-08-05 11:42:05.686950+00:00,0.001138,0.0012255,6.4912,75831.7,74607.46,1138805.0,2026-08-05 06:34:19.840157+00:00,6,32153.94,75831.7,43.585237258347995,-2.8998242530755562,2026-08-05 10:55:59.903184+00:00,2026-08-05 11:42:05.686950+00:00,False,300.0,0.4240171326767038
c66d7801-06f9-4d7e-94a2-e1a02a380d6d,2cdc85ee-7dab-4c01-b154-d866d247f4a5,3dPRz3igaqxkrFMWwARmAwdMTqV8WbQDVn2mkgTgpump,2026-08-05 06:34:19.840157+00:00,2026-08-05 11:55:33.819978+00:00,0.001635,0.00135375,-28.2737,91285.19,1330.61,1632809.0,2026-08-05 06:34:19.840157+00:00,3,66803.55,91285.19,10.397553516819572,-99.91957186544343,2026-08-05 11:44:19.076478+00:00,2026-08-05 11:55:33.819978+00:00,True,295.0,0.7318114800440246
84b34e6b-4fab-4340-ae5b-3d03633ca32d,07343377-27ae-4541-8af1-05d22a634e0d,7WmG1z9ysDhAWY7vCGkbhAG3zCaVUzzZrEAUj1hjpump,2026-08-05 11:49:44.469047+00:00,2026-08-05 12:01:19.886091+00:00,0.0001392,0.000105525,-26.0108,26033.95,21962.65,133371.0,2026-08-05 11:49:44.469047+00:00,10,197493.28,26033.95,1.0775862068965585,-27.658045977011497,2026-08-05 11:52:58.080516+00:00,2026-08-05 12:01:19.886091+00:00,False,18.0,7.585989832507169
c126966e-27a4-4207-b32e-8643a36db515,98e08cf7-50a1-4a6e-89d7-a57cf2b20ec8,7AmvhUHDXXRAiWo2SU5YVcV9MqshxUpABi5jD8SCqJ69,2026-08-05 11:49:44.469047+00:00,2026-08-05 12:17:35.384273+00:00,2.561e-05,1.92075e-05,-28.9489,10385.41,7509.21,24781.0,2026-08-05 11:49:44.469047+00:00,9,208935.66,10385.41,0.0,-43.26434986333464,2026-08-05 11:49:54.222337+00:00,2026-08-05 12:17:35.384273+00:00,False,2.0,20.118190808066316
6a7b4de3-1a7b-435a-a680-47e54611aff4,18d3c470-51dc-46ee-8c9d-cfc3d7cbe571,Aq2idw7BeJX2WfNek6jGnp1z2s79CpFYZXo2zCF1pump,2026-08-05 13:01:56.521473+00:00,2026-08-05 13:03:51.695811+00:00,0.000186,0.0001395,-26.5152,33736.97,28313.6,177737.0,2026-08-05 13:01:56.521473+00:00,6,1603141.46,33736.97,-6.075268817204303,-30.161290322580637,2026-08-05 13:02:18.188885+00:00,2026-08-05 13:03:51.695811+00:00,False,8.0,47.518833493345724
477d3e5b-6e96-4005-9ed8-efbabe7d28b7,9f2fd205-4447-4772-b9de-45d4357bbefc,7jFpDComUfCZnFrG65CR9wyDesFtA5oJPvUMdfuopump,2026-08-05 12:12:35.267146+00:00,2026-08-05 13:02:03.741548+00:00,0.0002422,0.000188325,-23.6677,40551.91,30444.85,238429.0,2026-08-05 12:12:35.267146+00:00,9,2346023.59,40551.91,3.6746490503715825,-43.104872006606115,2026-08-05 12:15:13.969450+00:00,2026-08-05 13:02:03.741548+00:00,False,18.0,57.85235738587898
10aa7c01-0c6a-4ca1-8244-8bafcb12ead6,53f6ca1e-2d67-496b-a22f-56ebc9a51224,5mPVUc7pDVZnJx28vrZFwYQcsMqqWsoW3QWdNTmZpump,2026-08-05 13:05:00.010750+00:00,2026-08-05 16:51:49.307334+00:00,3.396e-05,4.9215e-05,40.0452,13180.95,16012.58,32024.0,2026-08-05 13:05:00.010750+00:00,10,91680.48,13180.95,93.22732626619552,-8.392226148409899,2026-08-05 16:13:56.682074+00:00,2026-08-05 14:28:50.149114+00:00,False,203.0,6.95552900208255
fb47b555-b088-4a36-b258-b731c118ee49,557309ce-c613-4653-9516-1a273aa5991f,EwwGk4WmevQ7mzX5caz7UCcj9HTGCcW519NCKMWTpump,2026-08-05 16:51:50.067837+00:00,2026-08-05 18:25:13.358243+00:00,0.05685,0.04641,-28.9682,543841.03,1329.9,56854335.0,2026-08-05 16:51:50.067837+00:00,2,279424.5,543841.03,8.847845206684257,-99.99769041336852,2026-08-05 18:24:53.788290+00:00,2026-08-05 18:25:13.358243+00:00,True,65.0,0.5137981222196494
6671b612-5858-4326-b13b-9dcbb5be319a,82a8953e-973e-4334-a757-1c1712b488c3,Pi4QesT6bd9HHMSTkBuz7wHXYxHEQCZMkZrAbU6pump,2026-08-05 16:51:50.067837+00:00,2026-08-05 18:24:52.500302+00:00,0.08251,0.080175,-15.902,656320.73,1516.78,82508553.0,2026-08-05 16:51:50.067837+00:00,1,441857.03,656320.73,29.56005332686946,-99.99817597866925,2026-08-05 17:53:04.510915+00:00,2026-08-05 18:24:52.500302+00:00,True,64.0,0.6732333900225885
4bf28ea7-e52e-4d1c-a16b-659fa06b8c97,fc8d80c5-1b18-4711-b846-955f44be3c20,m7dCz1i6eYa29ruvn4JJR7Ye5H5EVK7NbP99LFFpump,2026-08-05 06:50:00.024333+00:00,2026-08-05 19:00:09.546070+00:00,0.007854,0.0082425,-12.2683,201413.42,1334.95,7852850.0,2026-08-05 06:50:00.024333+00:00,5,155039.64,201413.42,39.928698752228165,-99.98325693913928,2026-08-05 18:59:53.024630+00:00,2026-08-05 19:00:09.546070+00:00,True,566.0,0.7697582415312744
9eb73993-5c99-44c2-8c1f-5cac8f0c58ea,c2a7f036-8110-46cf-a710-a77558351c0b,mFygiaBQTAH2GH2z4PDwjZcyAM79LNc99wD2KHmpump,2026-08-05 08:55:00.115229+00:00,2026-08-05 21:56:22.746757+00:00,0.0047,0.00611025,23.3631,155383.68,5804.59,4698739.0,2026-08-05 08:55:00.115229+00:00,1,88758.73,155383.68,73.34042553191487,-99.82172340425531,2026-08-05 20:43:55.574202+00:00,2026-08-05 21:56:22.746757+00:00,True,500.0,0.5712229881542257
cdedc45b-b66e-4547-bbe3-eb7fa6cb8a1f,b1791da1-f486-4140-96bf-049107802856,2YxEmTED9G5ZpxwfBHuVzPVQ4TfMYTAjMo5Tx1WApump,2026-08-05 07:10:00.071061+00:00,2026-08-05 21:56:19.116411+00:00,0.0004574,0.0005331,14.997,51019.48,53118.4,449614.0,2026-08-05 07:10:00.071061+00:00,8,618743.3,51019.48,55.40008745080892,-5.902929602098821,2026-08-05 18:24:53.788290+00:00,2026-08-05 07:16:57.996166+00:00,False,526.0,12.127589305104639
6f15b7aa-e4fa-44a3-8128-283210812935,2463e3ab-7dee-4a2c-9fd6-6b1d830721d4,BJe2XQMc22wQvwbXr1ai8QfymiP6AwQzcRBu3PEfpump,2026-08-05 08:55:00.115229+00:00,2026-08-05 22:15:57.159250+00:00,0.02182,0.0239175,-8.8388,336336.03,1352.79,21823759.0,2026-08-05 08:55:00.115229+00:00,2,187668.54,336336.03,46.15032080659947,-99.99388175985334,2026-08-05 21:58:29.439915+00:00,2026-08-05 22:15:57.159250+00:00,True,506.0,0.5579792923166751
247ec5c3-2e08-4c0b-bd2d-f6f8fc6d12f3,4dc69af1-804c-4712-9df9-b8b175785d23,2sQ7wuUtRWNir3CEu9HWfLDSut4AszDrcZXLobzJpump,2026-08-05 18:59:58.079243+00:00,2026-08-06 01:00:48.192591+00:00,0.0005789,0.0009525,62.5804,55240.58,67670.72,549537.0,2026-08-05 18:59:58.079243+00:00,10,301954.32,55240.58,119.38158576610813,0.0,2026-08-05 23:14:58.418771+00:00,2026-08-05 19:00:10.026167+00:00,False,41.0,5.466168530453518
92dd954c-40c5-496a-9a63-db2502d85507,593995dc-d2b0-4028-9ef9-62e2bf0ffdfc,5SUcWZYjXh9HTLoqP8pGFck34Y7QHrZZijwXY6cNpump,2026-08-05 21:57:04.028214+00:00,2026-08-06 05:52:32.922608+00:00,4.499e-06,3.77775e-06,-28.2434,3572.63,2326.21,4304.0,2026-08-05 21:57:04.028214+00:00,12,31746.99,3572.63,11.958212936208062,-44.521004667703934,2026-08-05 21:57:20.485543+00:00,2026-08-06 05:52:32.922608+00:00,False,23.0,8.886167893120755
65f159f5-dfa0-49ea-b201-cac8d58fc320,c7ac33a8-282c-446b-82bc-5f0deb858f7a,535ES1hrVy9SwLUkouawQeoXSkPB2zGXhTU222enbZWU,2026-08-05 21:57:04.028214+00:00,2026-08-06 07:40:29.794631+00:00,0.0001511,0.000139875,-9.4255,26928.42,25343.8,149818.0,2026-08-05 21:57:04.028214+00:00,11,49680.53,26928.42,23.428193249503657,-13.236267372600926,2026-08-06 07:32:20.717043+00:00,2026-08-06 02:02:37.891892+00:00,False,206.0,1.8449106928664958
d9f7221c-ade2-4b28-a84e-3227943a9f1a,180cc688-1e4f-436a-a2ef-90578dd40b89,kpmhzGSYni1ta6Crc1xRDne2g7NTuEmmNJpDxwvpump,2026-08-05 06:34:19.840157+00:00,2026-08-06 11:25:16.898932+00:00,0.004034,0.00424125,4.2342,144330.27,147953.13,4031120.0,2026-08-05 06:34:19.840157+00:00,1,227605.37,144330.27,40.18344075359445,-12.394645513138334,2026-08-06 11:08:34.810716+00:00,2026-08-05 10:17:41.751108+00:00,False,983.0,1.576975987088502
e1418f0d-c1a5-48bb-9087-9a24bc72e5dd,bef53aa1-cbfc-4c8d-985b-4552dcead4e8,7C17GMDWxy2wCggRXEKKeTY21B84mT9vv9c6b1vTpump,2026-08-06 07:45:00.387918+00:00,2026-08-06 11:59:55.150656+00:00,5.257e-05,5.51775e-05,1.9998,17751.29,18079.84,50841.0,2026-08-06 07:45:00.387918+00:00,13,342024.4,17751.29,39.94673768308922,-11.793798744531104,2026-08-06 11:31:04.669711+00:00,2026-08-06 09:57:33.630594+00:00,False,182.0,19.267579989961295
cc748785-56c5-472d-83fd-882d7664be8d,3fd2dfe8-c28b-418e-b472-3874d49cd6e9,6Quog29HQ5tA5BdnCv3FWpW8WEpdxCsxEpt2TGCZpump,2026-08-06 01:48:55.560726+00:00,2026-08-06 15:36:50.945462+00:00,6.958e-05,6.42225e-05,-9.8529,24160.83,22765.25,64938.0,2026-08-06 01:48:55.560726+00:00,11,84812.25,24160.83,23.06697326818053,-11.655648174762847,2026-08-06 07:47:54.957454+00:00,2026-08-06 04:24:16.095871+00:00,False,389.0,3.510320216648186
f65fc7d7-8fe7-4296-8597-62ad05044fee,ca21a662-3a25-4dc4-8098-e5e6894b1a8e,Tt9EtDDyen6ow6aqxSHyYcj9oRb7zuZkvkDigbDpump,2026-08-05 06:34:19.840157+00:00,2026-08-06 16:26:34.887175+00:00,0.0001959,0.000147675,-26.1388,41908.2,21930.35,193104.0,2026-08-05 06:34:19.840157+00:00,9,4558.34,41908.2,0.5104645227156699,-88.64726901480347,2026-08-05 07:04:15.934416+00:00,2026-08-06 14:03:18.160458+00:00,True,1015.0,0.10876964412692505
13c83fb2-bbfd-4526-a486-afbb41982c23,bfac5fb6-6b40-4e3b-891a-b09405e50620,3VFnDoACa991DYe987w354sbvmhqjjzC4Z31SoZepump,2026-08-06 12:54:22.398156+00:00,2026-08-06 16:37:12.227358+00:00,8.358e-05,8.4675e-05,-0.6306,30143.42,30488.41,80626.0,2026-08-06 12:54:22.398156+00:00,6,119448.56,30143.42,35.080162718353684,-23.797559224694904,2026-08-06 14:03:19.868553+00:00,2026-08-06 13:27:26.039124+00:00,False,118.0,3.962674441055461
3f851ce8-e4d4-4ff2-b1f8-15c19e02f626,290e09f2-8995-4e97-a5bc-baf198bdbc76,ANWSnRAdxuzsReerVCHSVLzYoFn8P4husnfufBBxpump,2026-08-06 16:40:00.069435+00:00,2026-08-06 16:45:19.123561+00:00,5.37e-06,4.68525e-06,-22.5206,3984.27,3635.55,5059.0,2026-08-06 16:40:00.069435+00:00,8,65547.3,3984.27,16.331471135940397,-12.830540037243956,2026-08-06 16:40:15.378564+00:00,2026-08-06 16:45:19.123561+00:00,False,20.0,16.451520604778292
c1d9dd31-7ca5-436f-b84f-7bd9e867e789,015da949-1330-4fab-9f44-f8d483b59445,HB7MPRYpegrJaJtsZvrXAEHx5kxdehiQQUNneVLnpump,2026-08-05 18:59:58.079243+00:00,2026-08-06 17:10:30.051680+00:00,9.191e-05,7.575e-05,-19.4476,26887.37,23662.9,88374.0,2026-08-05 18:59:58.079243+00:00,12,62240.1,26887.37,9.890109890109885,-20.87912087912089,2026-08-05 23:14:42.872851+00:00,2026-08-06 17:10:30.051680+00:00,False,664.0,2.314845222868581
c31b9e82-eb3d-4a3b-9a7d-24cdac700f43,580bfbea-3b32-4553-b89a-4992126c17d7,Ef4E8vBoosFWhxXWqRHQAsXiuuAbocrN9PnpgHNrpump,2026-08-06 16:50:00.032392+00:00,2026-08-06 17:23:57.038329+00:00,5.92e-05,5.95275e-05,-2.1329,19413.4,19181.67,56142.0,2026-08-06 16:50:00.032392+00:00,5,216035.43,19413.4,34.07094594594593,-3.2939189189189184,2026-08-06 17:17:16.519855+00:00,2026-08-06 16:50:36.559238+00:00,False,126.0,11.128160445877588
bedd4bc3-25d0-4880-9946-ce4461354716,0354fde2-22a6-45b2-9eed-a3d59ff2677b,2tBjFsno9tdkX7AhZ9uehAet5o8GninkrqDYZZYUpump,2026-08-06 17:25:00.017192+00:00,2026-08-06 17:27:54.334724+00:00,8.563e-05,8.22e-05,-6.5072,20319.48,19830.86,85477.0,2026-08-06 17:25:00.017192+00:00,1,305425.6,20319.48,27.992525983884136,-5.115029779282971,2026-08-06 17:25:46.962258+00:00,2026-08-06 17:27:54.334724+00:00,False,11.0,15.031172057552654
5fcc24e1-7968-4ea6-ada0-7d04043de777,8db71e5b-d8e2-42c7-aab4-fc2172a18797,EJFseq4RFonjh9u6bzYLFynJin9WLKHF7jCgVoSXpump,2026-08-06 17:15:00.519576+00:00,2026-08-06 17:44:16.189254+00:00,4.283e-05,3.39225e-05,-23.2742,18266.44,14859.31,42834.0,2026-08-06 17:15:00.519576+00:00,5,28453.94,18266.44,5.603548914312392,-30.11907541442914,2026-08-06 17:21:51.154672+00:00,2026-08-06 17:44:16.189254+00:00,False,76.0,1.5577167745877138
93f42e51-4c79-4bdc-b77f-67db84a6e518,bf702ff8-bbab-46eb-bb2a-1a613fffba7b,oxsBtVM2ph6TWDZjKeLxuq77kQLBNBmdTcZDXcGpump,2026-08-06 17:45:00.716003+00:00,2026-08-07 00:11:19.180965+00:00,0.005502,0.0056055,-12.5787,167149.64,1511.48,5502966.0,2026-08-06 17:45:00.716003+00:00,3,88032.85,167149.64,35.84151217739004,-99.97266448564159,2026-08-06 23:55:21.161347+00:00,2026-08-07 00:11:19.180965+00:00,True,220.0,0.5266708920222622
4f5e036d-a171-4881-8f0e-c697ef63b929,36e84c61-d1e6-4ee7-9433-0da28de37916,CpVpZfyPXjgPnshbjishBtMuyoX6VRBzptjmtfPnjecz,2026-08-06 17:30:00.023577+00:00,2026-08-07 01:41:42.405907+00:00,0.004613,0.00571125,22.7988,153150.69,148143.19,4613595.0,2026-08-06 17:30:00.023577+00:00,2,73155.53,153150.69,65.07695642748754,-5.701278994146981,2026-08-06 23:39:40.955452+00:00,2026-08-07 01:41:42.405907+00:00,False,283.0,0.4776702605779967
3e5d68a1-3dda-49ec-9788-562e57efa3d8,88b4a0eb-4d7b-4a5c-8ee7-7533ac6dcd3f,67DRARNLy41ThohBNtRNHKugBr5Md8BbWdbbMjD4pump,2026-08-07 02:42:06.921956+00:00,2026-08-07 05:43:06.648727+00:00,0.006623,0.00515625,-31.9476,182961.11,1323.64,6621774.0,2026-08-07 02:42:06.921956+00:00,1,92419.34,182961.11,3.804922240676425,-99.98023554280539,2026-08-07 03:50:36.135843+00:00,2026-08-07 05:43:06.648727+00:00,True,15.0,0.5051310630986006
ea1f2aca-0d7c-486c-88b5-1582d4f2b91b,c1c3ff7e-0611-4084-9409-74a37e37f163,SjUsxV1DNsAPPJuHCQJE6Qq2j69sPaGnv8rvvr9pump,2026-08-05 06:34:19.840157+00:00,2026-08-07 09:02:40.469143+00:00,0.003794,0.0029115,-24.6888,140359.09,15585.66,3791208.0,2026-08-05 06:34:19.840157+00:00,7,60609.85,140359.09,2.3194517659462304,-98.57670005271481,2026-08-06 07:13:46.523965+00:00,2026-08-07 09:02:40.469143+00:00,True,1997.0,0.4318199127680295
b4e6d087-7f25-4b2c-b40c-496b878a6795,69c3910d-3fab-4480-b7be-dd74d91a2298,E14Zh2nA8GTwAXh5XSbz6XuVkEeDZDmx9ANibUvapump,2026-08-06 11:30:01.455977+00:00,2026-08-07 12:21:09.427988+00:00,6.887e-06,1.194e-05,61.0671,5686.6,7546.53,6706.0,2026-08-06 11:30:01.455977+00:00,13,4330.41,5686.6,131.1601568171918,-17.366051981995064,2026-08-07 11:19:31.147104+00:00,2026-08-06 17:52:17.103933+00:00,False,883.0,0.7615112721133893
baa29ce3-5dfd-4517-aa35-36f4a48fee2a,14038761-b57f-4166-aa7b-bb3fb79c6686,Fo1jurQMNo2GxGBFPpBcYpLSv8iVa5xNDHazCATXpump,2026-08-07 05:45:00.075372+00:00,2026-08-07 15:42:17.445615+00:00,0.009888,0.011325,-6.0478,224052.64,1321.84,9886284.0,2026-08-07 05:45:00.075372+00:00,2,187022.78,224052.64,52.71035598705504,-99.98682241100325,2026-08-07 15:40:43.738144+00:00,2026-08-07 15:42:17.445615+00:00,True,822.0,0.8347269641634215
ed3f8ba6-ce8a-48cd-8c35-e4d010931533,4d8ea37b-05e2-455e-9d81-190f25805f70,Fcbmm7MMoyGB31c4MEsdqNDLvDh92xRCsnQtDsVZpump,2026-08-07 09:05:00.036489+00:00,2026-08-07 15:45:31.148706+00:00,0.001349,0.00116625,-25.3052,82301.07,1364.42,1347577.0,2026-08-07 09:05:00.036489+00:00,2,70087.66,82301.07,15.270570793180136,-99.89977761304671,2026-08-07 15:44:27.914255+00:00,2026-08-07 15:45:31.148706+00:00,True,478.0,0.8516008358093036
f9c0afa8-c6e2-4f3d-8e02-28b46069a78e,a6a85aa4-1a36-4cde-b3b8-b96ed443c6fc,DHKfiAzT1uhMXdLZyHzbPU1TmVX7jgR4rkeYcQq3pump,2026-08-07 15:45:01.155655+00:00,2026-08-07 22:03:55.458932+00:00,4.259e-05,6.65475e-05,51.238,13822.43,17452.58,40108.0,2026-08-07 15:45:01.155655+00:00,7,174114.34,13822.43,108.33528997417234,-2.7471237379666524,2026-08-07 19:51:04.477470+00:00,2026-08-07 16:11:57.236044+00:00,False,556.0,12.596507271152756
c2a301c3-7402-4be3-9e27-b8c37220727b,93994d1d-c793-4588-8504-6f059986fd9d,DxnPojFH2FfeEqwq6DhBhEFEyvrgbeTNZ3tSUW3rpump,2026-08-07 12:25:00.096947+00:00,2026-08-08 02:22:33.992252+00:00,0.003586,0.003681,1.7205,135585.99,121615.86,3584947.0,2026-08-07 12:25:00.096947+00:00,1,172132.21,135585.99,36.865588399330726,-19.492470719464595,2026-08-08 02:22:14.770391+00:00,2026-08-08 02:22:33.992252+00:00,False,898.0,1.269542745529977
ca741d6a-f4c1-4592-9743-f385f1261d15,40540534-ef9d-4f61-9ec2-194ee47d4cec,41wFZXSSjyiaQE97pRMqodTSwYxnV4ryX6XYfEs3pump,2026-08-06 16:00:36.011500+00:00,2026-08-08 05:31:01.863329+00:00,2.305e-05,1.72875e-05,-29.1368,10059.25,6929.02,22275.0,2026-08-06 16:00:36.011500+00:00,4,10691.84,10059.25,-0.17353579175704822,-48.24295010845987,2026-08-06 17:21:45.808734+00:00,2026-08-08 05:31:01.863329+00:00,False,561.0,1.062886398091309
74ae7467-71f8-4459-8fa1-8efb55d76443,b7da41a7-469a-488f-9f26-6ff685202187,DywWmg5WEAPYo2YoKcWgXpdLdzCn1Hwva1pnQBwUpump,2026-08-08 05:35:00.017048+00:00,2026-08-08 05:42:31.787342+00:00,6.332e-06,4.749e-06,-33.3064,4482.49,3388.97,6092.0,2026-08-08 05:35:00.017048+00:00,7,71729.08,4482.49,0.0,-34.12823752368919,2026-08-08 05:35:10.289599+00:00,2026-08-08 05:42:31.787342+00:00,False,29.0,16.002061354291925
8cc71d52-a451-4568-882d-71db955c5db6,6f908063-d9b2-420f-b51c-c13762e5a157,mNzssXQ9hU1ASJ1CVuu4JjrFBrfeVdR2JzirKS3pump,2026-08-07 22:04:06.708738+00:00,2026-08-08 10:59:14.897897+00:00,0.0007299,0.0007725,4.5603,62961.37,65706.79,724932.0,2026-08-07 22:04:06.708738+00:00,3,1123203.04,62961.37,41.11522126318675,-9.302644197835315,2026-08-08 07:48:05.510188+00:00,2026-08-08 00:20:12.266805+00:00,False,1273.0,17.839558446711056
2443f037-e01a-4785-a563-7195b79947b1,4c006f7e-f9bf-44fa-b0e1-8152cecd75e8,wyVF24D5d7WwaRFtDboPcLmRp6PpjFsY9YGhVqXpump,2026-08-07 22:04:06.708738+00:00,2026-08-08 11:11:59.165515+00:00,0.007235,0.00829,13.7087,192766.13,208888.93,7233371.0,2026-08-07 22:04:06.708738+00:00,4,55570.45,192766.13,14.581893572909474,-0.5252246026261208,2026-08-08 11:11:59.165515+00:00,2026-08-07 22:18:04.335019+00:00,False,1348.0,0.2882791183285155
1c370b75-e90f-44e4-9ba6-fcda91026ec1,4fd17b28-e895-457f-a7f1-53f55d8214d4,8T3suJtKUGrWRytVNKe7RLV81AumvmBPQfEkyeHtpump,2026-08-05 19:54:21.644073+00:00,2026-08-08 11:12:14.987935+00:00,2.791e-05,4.081e-05,40.4319,10810.25,13365.6,27054.0,2026-08-05 19:54:21.644073+00:00,10,28426.89,10810.25,65.10211393765675,-9.924758151200283,2026-08-07 12:32:11.099883+00:00,2026-08-05 22:15:57.159250+00:00,False,3314.0,2.629623736731343
d458c9a9-8fcf-4701-a756-a45cb92f059d,44780753-ec44-49d3-aec4-312d35b4e294,71BGRxYJdi2ZvFuzTSNuK5A8YSpeXHRgXpE4GGmapump,2026-08-05 22:57:46.353566+00:00,2026-08-08 05:48:41.855701+00:00,3.156e-06,3.513e-06,-4.8351,2763.79,2994.08,2892.0,2026-08-05 22:57:46.353566+00:00,9,1876.75,2763.79,11.311787072243352,-1.2674271229404324,2026-08-08 05:48:41.855701+00:00,2026-08-06 04:08:58.081371+00:00,False,755.0,0.6790494212657257
46aac62c-a31a-4685-8544-5584a34cc8de,a24f6c27-4b98-4878-b7eb-9c275b562f03,9dwHn2KWApoGj4MeMLVGFuqDLLWqhDRkpEGCjGmcpump,2026-08-07 00:11:35.886215+00:00,2026-08-08 05:53:15.101657+00:00,2.189e-06,2.512e-06,-6.6334,2096.14,2350.86,2190.0,2026-08-07 00:11:35.886215+00:00,1,2547921.16,2096.14,14.755596162631324,-11.329374143444495,2026-08-08 05:53:15.101657+00:00,2026-08-07 06:59:55.940426+00:00,False,20.0,1215.5300504737281
8266d02a-348f-44d6-b616-940a403499c9,8374fd40-e770-4bfc-9d2e-89785f9e9993,qcjNtNLjz46MnRTt8wA7xPBUeXtX3WhizGMcCGtpump,2026-08-06 05:52:33.802483+00:00,2026-07-30 16:11:39.192802+00:00,3.271e-05,3.271e-05,-1.8205,32773.05,32773.05,32696.0,2026-08-06 05:52:33.802483+00:00,8,227633.02,32773.05,,,,,,,6.945738037808503
68f45427-91e8-4312-9a43-cd6aab7318d7,6fa625a5-c7f7-4dd6-842d-7c195cfc64fb,EWkxWDjmVU9ren399TLaiYoss1bBwFeKDBAHb1Dapump,2026-08-08 11:12:10.397736+00:00,2026-08-08 11:21:46.518237+00:00,0.0001588,0.000119175,-31.2177,127486.89,2017.61,151924.0,2026-08-08 11:12:10.397736+00:00,1,46937.7,127486.89,0.0629722921914373,-98.68450881612092,2026-08-08 11:12:13.801348+00:00,2026-08-08 11:21:46.518237+00:00,True,36.0,0.3681766807551741
56f902a4-e211-45fb-b92b-09494599f95a,1e7fd3d1-4df8-40b6-b838-2e2d50ea7406,2A8k5ocszu6QGUQeHjixWEF42Wt9H8AbxQRtJhKzpump,2026-08-08 05:45:00.050826+00:00,2026-08-08 12:44:27.921289+00:00,2.99e-06,2.2425e-06,-38.3427,2686.69,2093.56,2892.0,2026-08-08 05:45:00.050826+00:00,9,2461.95,2686.69,0.0,-27.658862876254187,2026-08-08 05:45:11.073350+00:00,2026-08-08 12:44:27.921289+00:00,False,1445.0,0.9163506024141229
d2410c59-b649-401b-a91c-fa992989430f,4018ec37-9ffc-4f7c-a12c-d7dfda161408,iuKqr794GeP4pJE4EGsVTJWwBJm6MWTuwCJyQXQpump,2026-08-08 11:12:17.738865+00:00,2026-08-08 12:52:02.411419+00:00,0.002737,0.0021405,-25.2614,119525.41,4423.21,2734937.0,2026-08-08 11:12:17.738865+00:00,2,112297.15,119525.41,4.2747533796127275,-99.77482645232006,2026-08-08 12:51:13.210669+00:00,2026-08-08 12:52:02.411419+00:00,True,377.0,0.9395253277106516
bf91d20b-734f-4b38-980e-fd4e11cf162e,1e3b18d3-32e5-44d9-bf42-3841c730657a,QhnVFwLx9m9h2yA1CZkqTcnNkTCXx2gZNuzJn4ipump,2026-08-08 11:00:00.065743+00:00,2026-08-08 15:04:13.003711+00:00,0.1016,0.137325,34.3853,732742.66,823825.51,101674956.0,2026-08-08 11:00:00.065743+00:00,1,470423.84,732742.66,80.21653543307089,0.09842519685039652,2026-08-08 15:03:09.141398+00:00,2026-08-08 11:00:16.109651+00:00,False,902.0,0.6420041655552032
974f3939-1274-404b-a58c-b8999aaba7c5,3cd3ac15-7e86-43a4-851a-61bc474188aa,eQED4ERMLjDqajpFuiFt14XhhtjbMzfdhtpaGbqpump,2026-08-08 12:45:02.642566+00:00,2026-08-08 15:44:14.924857+00:00,0.1166,0.1236,5.3275,787228.58,690854.25,116647144.0,2026-08-08 12:45:02.642566+00:00,3,520802.97,787228.58,41.33790737564323,-23.876500857632927,2026-08-08 15:32:34.515345+00:00,2026-08-08 15:44:14.924857+00:00,False,627.0,0.6615651200061867
4fee8a0c-efb1-4f8d-b3fd-92b319e0efba,0b70ce6e-016c-4279-90fc-9cc9dc407f18,TzvZvrzebyxdCLvesr2Xx4xepoyY3ngvNNgkumDpump,2026-08-08 15:45:02.990475+00:00,2026-08-08 22:38:03.710602+00:00,0.1458,0.23355,55.4541,885579.85,13065.03,145845148.0,2026-08-08 15:45:02.990475+00:00,2,609203.62,885579.85,113.58024691358024,-99.97388888888888,2026-08-08 22:09:58.363390+00:00,2026-08-08 22:38:03.710602+00:00,True,654.0,0.6879149519944475
61ad0caa-e7a4-48ef-867a-005e83217461,e0162b2d-8ed6-4e43-85b8-0716ee245aa4,H3YNxt32PnJsoHGUL4ei743zyNo8At9nVXf5jg3Epump,2026-08-08 11:12:22.736104+00:00,2026-08-09 06:54:17.494610+00:00,0.001956,0.0019455,-6.3542,100704.32,3941.08,1954303.0,2026-08-08 11:12:22.736104+00:00,4,52732.51,100704.32,32.61758691206545,-99.73650306748466,2026-08-09 06:53:12.277176+00:00,2026-08-09 06:54:17.494610+00:00,True,2258.0,0.5236370197425493
6e0160e1-f9a6-46f9-8e71-a3d42832ee66,c92b3f98-cee2-4cda-8772-b1cb93f42c0c,9imhB1nbwRQ2c6Cf6Zz6zUdjPjNsWBatpug1ZtxibEWz,2026-08-08 17:54:08.122367+00:00,2026-08-09 07:33:24.860604+00:00,0.00178,0.003495,94.3727,96648.18,87657.45,1779802.0,2026-08-08 17:54:08.122367+00:00,10,121550.15,96648.18,161.79775280898878,-17.86516853932584,2026-08-09 07:33:09.176889+00:00,2026-08-09 07:33:24.860604+00:00,False,935.0,1.2576558606690784
a8947bab-15ab-4078-818b-1458c99be3e4,23647d09-da5e-4a46-ba23-c78ade0ab780,br8Ra5Gmz5yXecFh3MGUBEvT9Pp7rJEKGNBLq7Cpump,2026-08-08 11:12:28.101437+00:00,2026-08-09 09:30:04.797500+00:00,0.002421,0.00277425,13.2231,112385.55,48081.87,2419259.0,2026-08-08 11:12:28.101437+00:00,5,136492.93,112385.55,52.78810408921933,-81.40437835605123,2026-08-09 09:21:46.146565+00:00,2026-08-09 09:30:04.797500+00:00,True,2823.0,1.2145060463733994
11d4a669-19fc-4952-8ad6-c239e9db1ac6,646e4f0e-f17c-40e5-b346-3c4f4c402ddc,78Dkc1XxEa5VDqyNs3657gkuoGnp2ApgqHjx11Zf4vhr,2026-08-09 09:35:00.283898+00:00,2026-08-09 11:10:58.727464+00:00,0.0001,7.77e-05,-24.3478,22363.66,19463.39,95158.0,2026-08-09 09:35:00.283898+00:00,13,140119.81,22363.66,3.599999999999993,-23.06,2026-08-09 09:42:23.914432+00:00,2026-08-09 11:10:58.727464+00:00,False,356.0,6.265513337262327
63776828-74de-469f-b91d-d33f232d8508,41951c80-3a48-4020-9720-e29d22088d94,BP1pNDqzvVmedqVZtB8qvGsohisj2wcFmb98fjrpump,2026-08-08 11:12:59.801045+00:00,2026-08-09 12:45:57.709842+00:00,0.0007356,0.000743025,-13.9877,61160.07,1450.61,734163.0,2026-08-08 11:12:59.801045+00:00,7,31146.02,61160.07,34.67917346383904,-99.8042414355628,2026-08-09 12:43:14.687394+00:00,2026-08-09 12:45:57.709842+00:00,True,3550.0,0.5092541588000145
74183b5a-42d5-4ee9-a550-32e4599edf0e,56c62ff6-d6bf-4a0f-b45a-65f949e43650,3ctVkfsonbqvYXGs4Nw62afrvSc1FtWnEgnnVcBcpump,2026-08-09 11:15:00.154354+00:00,2026-08-09 12:59:22.768163+00:00,0.01328,0.01945,45.5135,266356.44,322922.0,13280115.0,2026-08-09 11:15:00.154354+00:00,1,214131.23,266356.44,46.460843373493965,0.1506024096385481,2026-08-09 12:59:22.768163+00:00,2026-08-09 11:15:03.084038+00:00,False,385.0,0.80392736139588
415fec94-cf56-428e-821f-aa3d049db2d9,4fad3a3a-dd40-43ab-8538-7cebd0e07f8a,3VshVuxnWQLevRL6YEWDLs8Zqicnj11tzPP5BgDXpump,2026-08-09 12:59:37.154136+00:00,2026-08-09 15:23:08.900446+00:00,0.01129,0.0099,-13.0489,245364.7,166086.45,11290315.0,2026-08-09 12:59:37.154136+00:00,4,128640.38,245364.7,16.917626217891943,-54.26926483613818,2026-08-09 15:22:36.394499+00:00,2026-08-09 15:23:08.900446+00:00,False,493.0,0.5242823437927298
34f242c2-3fd8-4565-9319-68eb78b80bd7,6b48378b-f27a-4b13-b3f9-c4bb413ee224,V5uLMwv8PwHMbdYdeJY1mqEpBV7gMzBJxUVUD2rpump,2026-08-09 15:25:00.208045+00:00,2026-08-09 19:18:20.430997+00:00,0.1195,0.113025,-6.0946,804600.48,264608.7,119566226.0,2026-08-09 15:25:00.208045+00:00,1,651494.63,804600.48,26.108786610878663,-89.19665271966527,2026-08-09 17:23:03.951766+00:00,2026-08-09 19:18:20.430997+00:00,True,445.0,0.8097119579148151
e433213c-cbdb-4303-ad7e-a93369ce24f9,c41ae1fb-d4ca-4910-9cff-207844115c53,7hmVkPXmVagxoptAEpx4jBzZVHwGLdFj6c1y42qxpump,2026-08-09 07:35:00.040044+00:00,2026-08-09 21:23:14.570607+00:00,0.000744,0.00064155,-14.8897,64459.17,59358.79,738161.0,2026-08-09 07:35:00.040044+00:00,11,234666.69,64459.17,14.973118279569892,-16.14247311827956,2026-08-09 08:25:42.463482+00:00,2026-08-09 21:23:14.570607+00:00,False,2158.0,3.6405478072398387
30683e72-1e5f-491c-8120-dedd337d727e,f1a24032-eca2-4e47-a6e2-92784f4ed3ff,tQz8ucoP19hqbKynEZefpeVUwUiDCinLJYHrfRgpump,2026-08-09 07:35:00.040044+00:00,2026-08-10 00:25:18.968099+00:00,0.005906,0.0046875,-30.0716,176988.38,1433.47,5905305.0,2026-08-09 07:35:00.040044+00:00,8,126506.91,176988.38,5.824585167626153,-99.97595665424991,2026-08-09 23:43:24.018328+00:00,2026-08-10 00:25:18.968099+00:00,True,2222.0,0.7147752298766733
5631cee4-30d6-4cd6-b968-4b591c3c3200,d0318cfe-84ef-4ff6-9ff0-784518d9fffd,V7aZCNcVuToxmxQ1UGdSevDYcXoTtn9pF6xtgKfpump,2026-08-09 19:18:22.738092+00:00,2026-08-10 00:26:13.152906+00:00,0.02378,0.020055,-23.4917,358568.99,1970.64,23785657.0,2026-08-09 19:18:22.738092+00:00,1,265906.67,358568.99,12.44743481917578,-99.9917788057191,2026-08-10 00:25:54.478401+00:00,2026-08-10 00:26:13.152906+00:00,True,49.0,0.741577429771604
cec825d0-e035-4c0e-9818-49a8509baeb5,3a6ee762-88c9-47cb-bdd9-d65962bddd32,VHXEZvqstqZ9EBBUSboKnoxvmuRYy3p5Y5zfxbkpump,2026-08-09 06:55:00.079380+00:00,2026-08-10 00:56:42.354558+00:00,0.001543,0.00144825,-15.9771,89956.26,1950.63,1541749.0,2026-08-09 06:55:00.079380+00:00,1,84498.54,89956.26,25.145819831497075,-99.87064160725859,2026-08-10 00:56:07.121596+00:00,2026-08-10 00:56:42.354558+00:00,True,2337.0,0.9393291806484618
f1e1bc33-7d01-4eeb-b1ac-be1a5112de89,3543ca12-3bd1-43db-ade9-9252c299666c,3ad2ZmAxqMw415yNC5AR9mC4UXE9nqWQv2ajVtdrpump,2026-08-09 04:46:38.054087+00:00,2026-08-10 07:06:15.808235+00:00,0.002118,0.00234675,-7.6945,105491.05,1389.33,2115910.0,2026-08-09 04:46:38.054087+00:00,1,69030.41,105491.05,47.733711048158625,-99.93550519357885,2026-08-10 06:16:39.959947+00:00,2026-08-10 07:06:15.808235+00:00,True,3174.0,0.6543721955559263
580fbcfe-0e56-4c26-84f5-fe0289cc9474,1b4e2580-285b-4691-a579-adbbed63d442,KjtqAySqDkgu2hM1R29tkoFC2PsoPqoL6pH71jypump,2026-08-10 07:06:16.650178+00:00,2026-08-10 07:23:22.645477+00:00,0.01682,0.0126375,-33.2845,300958.72,1442.57,16826637.0,2026-08-10 07:06:16.650178+00:00,3,228181.53,300958.72,0.17835909631390473,-99.99151605231867,2026-08-10 07:23:06.184992+00:00,2026-08-10 07:23:22.645477+00:00,True,47.0,0.7581821520240385
75f7a473-c0a9-4e7f-97d2-fbdb8a16a0b4,71070bbe-6865-4811-a283-4c5da7ee374b,EgPGxfMqNnmxUT8NjipkzdG4BnCik8CTy6vMatxfpump,2026-08-10 00:56:42.848024+00:00,2026-08-10 07:39:58.576968+00:00,0.0142,0.0129,-20.6937,276071.38,1515.14,14202879.0,2026-08-10 00:56:42.848024+00:00,3,181318.13,276071.38,21.126760563380277,-99.98941549295775,2026-08-10 07:38:07.478224+00:00,2026-08-10 07:39:58.576968+00:00,True,423.0,0.6567798878681304
05af6dbc-3c75-4dc9-9a6a-c0f03a41ed0c,a74159a6-58eb-4f0b-bc16-dc829af5f000,9ZgtzJcmLNygrLjNCd55P62MacHBhnDoQ8Sve82HCxQr,2026-08-10 00:25:20.173101+00:00,2026-08-10 11:56:41.598960+00:00,0.002018,0.0018585,-8.8747,102907.88,84725.43,2016409.0,2026-08-10 00:25:20.173101+00:00,1,88630.4,102907.88,22.794846382557004,-32.606541129831506,2026-08-10 09:22:08.576356+00:00,2026-08-10 11:56:41.598960+00:00,False,670.0,0.8612596042207845
50ac9406-2667-4f31-8302-789156ec3350,f43a58fd-ae65-404c-ae84-b2d17031bb4d,59iKfdEM66xZmNVUmogYiSEncwKTMrCeAXyjCdHbpump,2026-08-06 01:48:55.560726+00:00,2026-08-10 12:06:48.271573+00:00,2.287e-06,1.7715e-06,-39.1556,2177.22,1739.94,2189.0,2026-08-06 01:48:55.560726+00:00,9,3704.73,2177.22,3.27940533449935,-24.005247048535196,2026-08-10 00:26:10.617605+00:00,2026-08-10 12:06:48.271573+00:00,False,1559.0,1.7015873453302837
12534804-320a-4797-86fc-46ea6ec441a3,570fa40f-a503-4c99-8146-2cb99ee60d01,9wmuKqhWXa7QgJN3JTYN7RV28htde8t2jnH9sCPhpump,2026-08-09 21:23:15.224610+00:00,2026-08-10 15:15:23.159389+00:00,0.01531,0.0197775,28.2145,287494.1,159934.09,15311711.0,2026-08-09 21:23:15.224610+00:00,1,139678.77,287494.1,72.24036577400392,-68.45852384062704,2026-08-10 13:31:47.117351+00:00,2026-08-10 15:15:23.159389+00:00,False,871.0,0.48584917046993314
a678bebb-80f3-4cf9-aa97-de0ca8322980,db3ed2d4-521f-4f24-83fe-b4e7ee12296a,GTQ9LhnDbyRE3MFQA3LzF7fY1MMe4S4NMQWpkUcspump,2026-08-07 15:45:01.155655+00:00,2026-08-10 15:16:17.995673+00:00,0.000889,0.00074284966238,-17.5031,68205.3,63666.98,858607.0,2026-08-07 15:45:01.155655+00:00,5,200518.98,68142.61,11.743532058492681,-16.209223847019132,2026-08-08 03:23:15.073542+00:00,2026-08-10 15:16:10.240206+00:00,False,7489.0,2.942637213338321
9d2be7e6-7935-41a4-8a87-b12c1d99050e,8e186344-15df-4a6b-ae27-2d8ee163b9b4,D6YvtVqMjeru8GeSMZ6w7jWcfe3ZnpaLVcaym3spump,2026-08-09 04:46:38.054087+00:00,2026-08-10 15:31:57.610081+00:00,0.003533,0.004942,38.7739,136704.52,162221.6,3531143.0,2026-08-09 04:46:38.054087+00:00,2,58956.68,136704.52,42.456835550523635,-1.1038777243136135,2026-08-10 02:45:07.380759+00:00,2026-08-09 08:45:58.730026+00:00,False,3739.0,0.4312708899457019
57e2b9a8-c1e9-411b-a50d-1b0a0f7001fe,70d69cce-ef53-43a4-9a1d-fd5e0b098da3,A13oRB9FFaiUjfi6LdCg6p9ka1u8SfGkUFs4SKvPpump,2026-08-10 11:56:44.354226+00:00,2026-08-10 15:58:57.017949+00:00,0.01179,0.01239,4.3847,438649.84,508224.51,11328268.0,2026-08-10 11:56:44.354226+00:00,1,2418277.95,438649.84,40.118744698897366,4.749787955894823,2026-08-10 13:01:15.499655+00:00,2026-08-10 15:58:57.017949+00:00,False,359.0,5.513003150759157
e6930acd-d07d-4548-b55e-c841bcb52b5e,2c83d3ef-4a16-418b-9876-d7bd405c69c7,EjD5Y9NVhXmtEqU7wYvAyZvDWZFQeEuHXFatJmTbpump,2026-08-10 15:16:17.995673+00:00,2026-08-10 16:23:21.016405+00:00,0.001001,0.00111,9.7787,90935.37,95378.86,948730.0,2026-08-10 15:16:17.995673+00:00,7,2994245.56,90935.37,47.85214785214786,-3.9560439560439553,2026-08-10 15:52:29.794161+00:00,2026-08-10 15:19:04.979208+00:00,False,214.0,32.92718289923932
42b0d241-ff82-4231-a447-9e4668723b53,b9fddebb-ca19-45ff-b233-6fad57e2d87a,EeB76LHyVZPMRvTpLcxJqqfSz4gg9f9XgsUmFybcpump,2026-08-10 15:15:24.672886+00:00,2026-08-10 16:59:16.599713+00:00,0.00107,0.00089025,-17.7607,85635.86,77547.8,1054390.0,2026-08-10 15:15:24.672886+00:00,2,913608.0,85635.86,10.934579439252328,-17.41121495327103,2026-08-10 15:43:51.379191+00:00,2026-08-10 16:59:16.599713+00:00,False,329.0,10.668521341410012
9c82c81f-b746-4c5a-a7b7-777c9e80e74b,48020835-3ab9-4140-a7e5-a4e384a4ab43,gAMo6k933d3bi8BQhAFQaQRZJYWmBLBjdKaXzhApump,2026-08-10 07:39:59.381007+00:00,2026-08-10 18:52:33.825965+00:00,0.003702,0.0033765,-19.7782,140582.65,1620.06,3701263.0,2026-08-10 07:39:59.381007+00:00,6,51460.19,140582.65,21.609940572663422,-99.95637493246893,2026-08-10 18:26:08.527283+00:00,2026-08-10 18:52:33.825965+00:00,True,993.0,0.366049366689275
54a96066-17b9-41f6-b710-4e99314e8368,49ea7754-e519-4b25-ad38-480954d8ce70,Aa9RFpqf8ktzVsnuG9AeChzGf1CCGTbR1iQUQDpEpump,2026-08-10 15:58:57.553739+00:00,2026-08-11 03:28:58.446887+00:00,0.004071,0.00308325,-33.2334,146538.02,1381.08,4069615.0,2026-08-10 15:58:57.553739+00:00,2,80689.46,146538.02,0.9825595676737927,-99.96647015475314,2026-08-10 17:39:14.044673+00:00,2026-08-11 03:28:58.446887+00:00,True,551.0,0.5506383940495444
f917577b-d704-44b5-bcb9-f346c6f1adbc,681abbda-d69f-4bdb-87e1-011f2bc0e5ff,BbgzeSgVegw2riMS8gjek2SWbpCpch6hifyK6pUpump,2026-08-08 15:05:00.046495+00:00,2026-08-11 03:29:19.705482+00:00,0.001298,0.00134925,-7.4316,82396.05,2053.18,1296393.0,2026-08-08 15:05:00.046495+00:00,2,64141.94,82396.05,38.59784283513098,-99.83659476117104,2026-08-10 19:08:16.482489+00:00,2026-08-11 03:29:19.705482+00:00,True,5428.0,0.7784589188438038
541c8ddc-05d2-40c5-b10b-93e3e636ce46,981bfa12-13d5-4f62-80a0-74ba8d6d0755,C5Z3bf7AtthZLHcWueshpnZT7Nauv73oNzqcwKfWpump,2026-08-09 12:50:00.165717+00:00,2026-08-11 03:29:19.705482+00:00,0.005568,0.0054,-16.5709,171787.03,1464.34,5566981.0,2026-08-09 12:50:00.165717+00:00,2,85846.53,171787.03,29.310344827586203,-99.97480244252874,2026-08-10 19:09:49.899346+00:00,2026-08-11 03:29:19.705482+00:00,True,2628.0,0.4997264927392947
9603a335-1194-495f-8732-f946eddec3dd,2a16235e-baf8-445e-9c6a-360d0f4db626,FXoZh2m24V3pVrZnnm8A1rP8GztSfSATpiTQBbiCpump,2026-08-10 18:52:41.936593+00:00,2026-08-11 03:29:19.705482+00:00,5.258e-05,3.9435e-05,-28.9883,15706.37,5137.2,49687.0,2026-08-10 18:52:41.936593+00:00,17,275757.07,15706.37,0.0,-85.67516165842525,2026-08-10 18:52:55.170417+00:00,2026-08-11 03:29:19.705482+00:00,True,54.0,17.557021132190314
7fb53990-a449-4584-8a19-44e15dcd081b,11285aa3-e1bf-48a4-a53e-a3b409c10e32,SFua2Htg4UzWCmnRvnBaQwg56VGjTJcRXiHmvZwpump,2026-08-10 12:06:48.689850+00:00,2026-08-11 03:29:19.705482+00:00,0.0003061,0.000239025,-26.3296,53324.5,3476.89,302429.0,2026-08-10 12:06:48.689850+00:00,10,73439.0,53324.5,4.116301862136551,-98.85494936295328,2026-08-10 13:13:48.890227+00:00,2026-08-11 03:29:19.705482+00:00,True,911.0,1.377209350298643
1359e7c8-40fd-4ce1-949b-27c34b8d3ec4,b62455c7-bc20-4627-b5a9-7f54878ed16c,7q8PvUhqdVMhJqo1jc79kYZtNDbPovC6emuuEA31pump,2026-08-11 03:29:21.852802+00:00,2026-08-11 03:29:51.633052+00:00,2.331e-05,1.74825e-05,-29.3051,9850.99,6428.97,22375.0,2026-08-11 03:29:21.852802+00:00,16,62210.05,9850.99,-51.994851994852,-51.994851994852,2026-08-11 03:29:51.633052+00:00,2026-08-11 03:29:51.633052+00:00,False,1.0,6.315106400473455
6333a01a-58e9-441d-aa93-68840f793050,f2aa62cc-1683-40f4-acfd-70bbca1e34f4,Z5eMsbbmwszcccAKrER7JpPPYTJBEdyAMELrKkNpump,2026-08-10 16:23:21.776320+00:00,2026-08-11 03:29:51.633052+00:00,0.0006764,0.00052035,-31.1687,58867.42,1637.67,674922.0,2026-08-10 16:23:21.776320+00:00,5,57347.72,58867.42,2.5724423418095785,-99.75827912477823,2026-08-10 19:10:39.057012+00:00,2026-08-11 03:29:51.633052+00:00,True,483.0,0.9741843620800776
a8f18cd3-9181-4303-93d1-8bab7fda5c96,3067c404-48dc-4db6-8fb7-23fd000df7e9,4LwHKRgKHLvYtTqJRLHfdMydzis4dHfPvxW8TcYhpump,2026-08-11 03:29:51.972927+00:00,2026-08-11 03:30:04.924745+00:00,9.826e-06,7.3695e-06,-31.3338,5921.11,4627.68,8547.0,2026-08-11 03:29:51.972927+00:00,18,6935.47,5921.11,-32.62772236922451,-32.62772236922451,2026-08-11 03:30:04.924745+00:00,2026-08-11 03:30:04.924745+00:00,False,1.0,1.1713124735058125
ed1c02e3-3cc6-4a7a-8ca9-afd10985dead,60684b84-8dee-4112-94c7-9844359b97d9,96m8QVSrTqKzYw5seV4UUmc5E2dJFhT61XSFVmZLpump,2026-08-10 16:59:17.501566+00:00,2026-08-11 03:53:08.141567+00:00,9.782e-06,1.13175e-05,7.3562,5992.48,6145.41,9418.0,2026-08-10 16:59:17.501566+00:00,11,7477.14,5992.48,54.26293191576364,0.0,2026-08-10 17:22:43.683836+00:00,2026-08-10 16:59:22.862072+00:00,False,428.0,1.2477538514938724
a6fec8ad-6c49-4e1f-a311-a61082434429,fed309ba-1b33-4946-865b-7b1d5fc91645,12nDpgjZZf4VxaE2kEpMKiziTnxXHpEScbe9khgupump,2026-08-10 07:23:22.965866+00:00,2026-08-11 04:34:23.709744+00:00,0.009564,0.0144825,43.6968,226698.47,6658.08,9562005.0,2026-08-10 07:23:22.965866+00:00,1,168328.41,226698.47,101.90296946884149,-99.88132580510246,2026-08-11 04:33:53.053367+00:00,2026-08-11 04:34:23.709744+00:00,True,1457.0,0.7425211559654549
733d5cbf-17e2-401e-8d86-8241cffc6045,6c77f438-6dce-45a6-bead-95c14acbda5e,ALPv7UakCA8pdPGQJcNFmJ24sp7eRCHxLeyGWVZUpump,2026-08-11 03:29:01.801822+00:00,2026-08-11 05:40:49.335308+00:00,0.0002455,0.000184125,-26.4863,35206.24,28608.24,164015.0,2026-08-11 03:29:01.801822+00:00,15,53461.7,35206.24,-9.368635437881881,-33.0346232179226,2026-08-11 04:34:27.697944+00:00,2026-08-11 05:40:49.335308+00:00,False,231.0,1.5185291016592513
4711c956-bfc6-402c-a4aa-80f1bce086a6,da5d8fba-0284-4144-88fc-f4050e579784,9w2nokGrjFACQaJaEJGafZgsxBePfDWdUav6ofSJpump,2026-08-11 03:29:21.852802+00:00,2026-08-11 07:46:07.631991+00:00,6.689e-06,5.92575e-06,-19.4601,4984.67,4521.39,6349.0,2026-08-11 03:29:21.852802+00:00,12,11902.36,4984.67,18.119300343848103,-13.903423531170573,2026-08-11 06:09:02.432006+00:00,2026-08-11 07:46:07.631991+00:00,False,468.0,2.387792973256003
174e430f-5e7b-4f2e-ba5c-fcc5ab8c760c,5282bf47-ea7e-47e2-a704-5dcc4dfb0b78,BVxz4g44d7z2CV5ZERPsvxY3QznPmof1Ddpascjipump,2026-08-11 03:30:05.511150+00:00,2026-08-11 08:42:43.470501+00:00,2.063e-05,1.57575e-05,-27.4981,10045.95,8582.16,20150.0,2026-08-11 03:30:05.511150+00:00,11,78592.04,10045.95,1.8419777023751804,-23.751817741153662,2026-08-11 03:56:00.622895+00:00,2026-08-11 08:42:43.470501+00:00,False,616.0,7.823256138045679
f9064993-faec-42ac-b96f-5481115044c4,fd5d3f24-d8d8-447a-95ef-172b38cb52b1,9A5QWVQuNSHWQsxi1w1dAZ8yAr9RbMsdpkGXMNt3pump,2026-08-11 07:46:08.568250+00:00,2026-08-11 10:32:40.158823+00:00,0.0001815,0.0001455,-21.4518,32020.94,28438.52,173756.0,2026-08-11 07:46:08.568250+00:00,10,446403.85,32020.94,6.8870523415977996,-20.661157024793383,2026-08-11 08:39:55.999603+00:00,2026-08-11 10:32:40.158823+00:00,False,452.0,13.940997672148288
8b8712c8-a3f1-4cea-8bc2-04976fb802fa,afb384a6-3f48-4adf-9be8-ebf7d13f91c4,G5dyx7UfnX6TeHqrPVAM7qNMXznAsvjtbsbTCNbRpump,2026-08-11 03:29:21.852802+00:00,2026-08-11 12:09:57.856351+00:00,0.000121,0.000129075,4.3781,25527.86,25514.4,116274.0,2026-08-11 03:29:21.852802+00:00,17,88971.7,25527.86,42.23140495867769,-0.41322314049586667,2026-08-11 07:46:06.072907+00:00,2026-08-11 12:09:57.856351+00:00,False,1237.0,3.4852784369704315
8ecc5738-5c6b-4711-b9ee-5a05b5e6cf56,851a08a0-01c6-4907-961d-02a09c7b1f8e,EKppz9JRQDVLhye12yc4T4P9ue7N6A4vVEB4uyvxpump,2026-08-11 03:53:09.165541+00:00,2026-08-11 12:48:50.727232+00:00,3.248e-05,3.3405e-05,-1.1102,12848.69,11799.15,30719.0,2026-08-11 03:53:09.165541+00:00,11,118899.95,12848.69,37.13054187192117,-21.151477832512317,2026-08-11 08:42:51.305606+00:00,2026-08-11 06:14:23.798971+00:00,False,1186.0,9.253857786280157
2c01ec37-04e8-4a0c-91fd-33a74ce8c712,6d82e1ca-2fed-437a-9675-67c93f8bede9,B7Yt9TBjNSv3UwGfPQmJfgc5exSzf5Rq2ePVNux3pump,2026-08-11 08:42:44.250008+00:00,2026-08-11 13:19:20.094222+00:00,8.044e-06,7.04025e-06,-19.2028,6066.8,5346.75,7728.0,2026-08-11 08:42:44.250008+00:00,14,21683.16,6066.8,16.69567379413228,-18.622575832918944,2026-08-11 11:09:50.977877+00:00,2026-08-11 13:19:20.094222+00:00,False,634.0,3.5740687017867736
aa321925-d0e1-495a-875d-573025d28cf2,ac4ee3fe-48c9-4151-9a95-c4fcc7d6ad2b,DrsSQuG2A2VyWsmLhxUnDLpGHi6yvSQ2yge73rLopump,2026-08-11 10:32:40.844697+00:00,2026-08-11 14:26:17.506757+00:00,0.01033,0.0121425,-3.3342,234005.93,1371.96,10329891.0,2026-08-11 10:32:40.844697+00:00,2,201769.91,234005.93,56.727976766698916,-99.98693126815101,2026-08-11 13:33:59.516942+00:00,2026-08-11 14:26:17.506757+00:00,True,460.0,0.8622427217976912
b8fc07ad-944d-4e95-bab0-2a353c73a1aa,64ba85d8-03a2-49ac-a4f8-73ea098237a4,HDX2EGULJYcXPhHmjAkSMTkzUnYyqCyGzyJXSgvPpump,2026-08-11 14:26:17.911964+00:00,2026-08-11 15:14:13.893045+00:00,0.0001573,0.00014535,-9.5127,28430.23,26891.07,136322.0,2026-08-11 14:26:17.911964+00:00,6,160496.18,28430.23,23.20406865861411,-11.506675143038784,2026-08-11 14:57:48.476109+00:00,2026-08-11 14:33:45.571481+00:00,False,181.0,5.645264916956353
9800de22-35b5-473f-acfb-293c996ae1b7,c2e7b352-d1d2-4a1d-b3a0-cc35aa7d69ea,39jq7BGb4UMNS57V8UH67b24QjroSmvyLnvFWkT5pump,2026-08-11 13:19:20.452351+00:00,2026-08-11 15:37:27.711165+00:00,0.0003624,0.000276975,-24.748,51918.44,44677.39,350673.0,2026-08-11 13:19:20.452351+00:00,12,1015205.64,51918.44,1.903973509933761,-24.751655629139073,2026-08-11 13:26:51.788473+00:00,2026-08-11 15:37:27.711165+00:00,False,318.0,19.553854853882356
3ac7d230-94e0-4247-b572-d5f9605af229,8399e12a-b460-4253-b614-7bf722684473,FugaEJGreRgnoCniRtRMj969LvbXS5T5b4qXUhnApump,2026-08-11 15:37:29.603178+00:00,2026-08-11 15:41:01.052579+00:00,4.105e-06,4.6515e-06,-0.6091,3339.66,3520.88,4105.0,2026-08-11 15:37:29.603178+00:00,13,22549.62,3339.66,51.08404384896469,-2.630937880633365,2026-08-11 15:40:29.210165+00:00,2026-08-11 15:39:34.973515+00:00,False,10.0,6.75207057005803
a2e8b45a-4f3c-41a6-b83a-cb2fbbf5daa0,d4365dd7-4a5c-484f-8176-4e9746d5f0da,vvRpg4mfTALSVCCacdQSE8rvbn7dUsUhcWKD5KQpump,2026-08-11 15:14:14.783384+00:00,2026-08-11 15:42:16.075360+00:00,3.279e-05,2.46e-05,-28.2095,12282.7,10432.51,31122.0,2026-08-11 15:14:14.783384+00:00,11,93622.42,12282.7,0.03049710277522056,-25.007624275693814,2026-08-11 15:16:20.399123+00:00,2026-08-11 15:42:16.075360+00:00,False,102.0,7.622299657241485
c8d026f2-4f13-4e2d-a005-7d095d868101,b4268cc8-9273-4a09-b7cd-15256a50ed03,x5DTAdiLYDGZ7qDUCFzdEGidYqSV95ofy1G3Dhzpump,2026-08-11 12:09:58.911855+00:00,2026-08-11 16:43:12.470966+00:00,0.005179,0.00415725,-28.6868,165563.26,1553.31,5177485.0,2026-08-11 12:09:58.911855+00:00,5,153310.72,165563.26,7.028383857887635,-99.97016798609769,2026-08-11 16:42:54.462238+00:00,2026-08-11 16:43:12.470966+00:00,True,660.0,0.9259948131004426
4286c7cc-dd0a-4dde-9e61-1a6b1eaedc57,3f102fcc-501c-4eb3-a696-18613c7ebb5f,Edpcd9aYh6BVRKV5hYrgnEuJ3MHAFcdnHtSL9yvopump,2026-08-08 03:22:57.353104+00:00,2026-08-11 17:18:27.696265+00:00,0.0001212,0.000117675,-5.1064,24153.71,24212.51,116468.0,2026-08-08 03:22:57.353104+00:00,3,151977.17,24153.71,29.455445544554443,-8.498349834983502,2026-08-10 07:15:12.631829+00:00,2026-08-09 14:34:43.782942+00:00,False,9452.0,6.292083907606741
85adbf97-5c3b-4e0f-ab35-979492b8a5ef,8651c6e5-02cc-4594-97b7-78800a2702cd,FPfi9q1AixdUeWQVPFHJMJQ7a43S78dm6UZ4fzN4pump,2026-08-11 15:41:01.537380+00:00,2026-08-11 17:19:04.107048+00:00,0.0007806,0.0008595,8.9141,76354.1,80491.58,759896.0,2026-08-11 15:41:01.537380+00:00,12,2526963.17,76354.1,46.81014604150654,-11.69613118114271,2026-08-11 16:51:10.974690+00:00,2026-08-11 15:51:14.165859+00:00,False,287.0,33.09531734379686
0a4d0aa9-0330-4489-9eff-5943ca196107,a4e14dbd-efb1-4816-bcde-1c2604add48d,Bxj6sJzDgYXD348JzULmwvXb2UCjem1z6ero3BmwaoNT,2026-08-11 17:19:04.507766+00:00,2026-08-11 17:30:42.259454+00:00,7.053e-06,1.27725e-05,66.5999,4906.11,6851.18,6834.0,2026-08-11 17:19:04.507766+00:00,12,6611.18,4906.11,141.45753580036867,3.5162342265702535,2026-08-11 17:29:07.225149+00:00,2026-08-11 17:19:13.757356+00:00,False,43.0,1.347540108150857
9cece1bd-cd6f-4225-b198-961ab99fae3f,d8fcf710-bb3c-4966-9567-ea56962daf47,nbTMnY7TgnLYFpo2BSBJzFc8Ut2uhiJ5wqbqgG1pump,2026-08-11 17:30:43.195340+00:00,2026-08-11 17:37:03.443493+00:00,4.37e-05,3.38025e-05,-25.6137,13896.83,12041.58,43702.0,2026-08-11 17:30:43.195340+00:00,11,13053.35,13896.83,3.1350114416476025,-22.90617848970252,2026-08-11 17:35:46.095678+00:00,2026-08-11 17:37:03.443493+00:00,False,24.0,0.9393041434629337
e4e87814-6ef1-4728-b4b5-0da6e31fc0cf,f14ba0a3-c403-49fa-82ba-347b0097b419,94s1DHtdinFRu8fabQY7muznn4bxC9FjxDhmMpjPpump,2026-08-11 16:43:14.663263+00:00,2026-08-11 18:06:55.003016+00:00,9.084e-06,6.8565e-06,-31.0169,5627.24,4717.6,8545.0,2026-08-11 16:43:14.663263+00:00,14,100692.77,5627.24,0.6384852487890811,-24.691765741963888,2026-08-11 16:51:01.630147+00:00,2026-08-11 18:06:55.003016+00:00,False,242.0,17.893811175638504
ab597bdd-c6a3-4188-83cd-d41761c20af7,d8c800ff-0ff9-4d0e-aef0-975c617c69f0,AaXXFmEtfowS9fMomUibZoxmz8sZSmUgxG6By3Sepump,2026-08-11 12:48:51.135373+00:00,2026-08-11 18:22:12.784033+00:00,3.395e-06,3.85425e-06,-2.063,2926.31,3176.42,3075.0,2026-08-11 12:48:51.135373+00:00,12,30338.9,2926.31,51.36966126656849,-6.568483063328431,2026-08-11 18:02:22.611159+00:00,2026-08-11 12:49:02.228329+00:00,False,827.0,10.367630223728861
ad793537-64e1-4cd8-8f0b-74fc9c4608fc,9855f401-cf18-43c9-8ac2-bb7b95f2623d,JAKnM5B8pC7747QqGEGyeJmdAn55mmjb2Eqd2bpSpump,2026-08-11 17:30:43.195340+00:00,2026-08-11 19:13:02.408635+00:00,2.5e-05,1.92375e-05,-26.9026,10174.75,8733.07,23559.0,2026-08-11 17:30:43.195340+00:00,13,10908.48,10174.75,2.599999999999995,-23.680000000000003,2026-08-11 17:30:50.413239+00:00,2026-08-11 19:13:02.408635+00:00,False,134.0,1.0721128283250203
b10e33e9-1eb8-4d01-b980-5229215b9096,bc291a6c-8e26-433b-a93c-c8ca68ebff70,8f6FXoXtKE4hnNGFzxM7Xh9TrUUVnWqvN4EWANwLpump,2026-08-11 19:13:07.113013+00:00,2026-08-11 19:45:15.401409+00:00,1.343e-05,1.32225e-05,-7.6961,7124.09,7054.05,12547.0,2026-08-11 19:13:07.113013+00:00,12,51113.06,7124.09,31.27326880119135,-2.0104244229337365,2026-08-11 19:33:43.294925+00:00,2026-08-11 19:45:15.401409+00:00,False,43.0,7.174679152003975
da9b83ee-f24c-4304-bbe3-6f77c0dd098c,deaff2ca-75e7-432f-9a20-328cc0dc9b92,24NVAnzaULU3NhCE1RaCwGJzRqBDicqWL2J6a2Ykpump,2026-08-11 17:37:04.204260+00:00,2026-08-11 20:03:16.802142+00:00,3.134e-05,2.3505e-05,-29.6791,11707.49,4599.66,30333.0,2026-08-11 17:37:04.204260+00:00,13,35937.93,11707.49,0.0,-80.98915124441608,2026-08-11 17:37:11.714893+00:00,2026-08-11 20:03:16.802142+00:00,True,216.0,3.069652846169418
2efee943-d1fd-4b88-a119-e5ca79295aaa,040d78b4-a330-47fe-be82-90f7cf79baec,D6D86WfHuviN4Sra4uvMGHkedtEHCC893krgntGjpump,2026-08-11 18:22:14.862692+00:00,2026-08-11 20:16:38.016152+00:00,1.482e-05,1.22325e-05,-22.6969,7550.64,6676.11,14152.0,2026-08-11 18:22:14.862692+00:00,11,38993.99,7550.64,10.053981106612692,-19.36572199730094,2026-08-11 19:49:17.594873+00:00,2026-08-11 20:16:38.016152+00:00,False,137.0,5.164329116472246
f2a7224f-af29-4e26-b3d5-f36de83e62c6,1e0219cf-2e2f-4850-8a8d-9ba90c9762af,SAKtXn9BW77yukhAfaQsyoJpd6nZCieUpXUcHskpump,2026-08-11 04:34:24.495010+00:00,2026-08-12 00:54:05.415656+00:00,0.0009136,0.00145875,27.2889,68913.09,1628.41,910330.0,2026-08-11 04:34:24.495010+00:00,2,87797.14,68913.09,112.8940455341506,-99.82355516637477,2026-08-12 00:53:41.495238+00:00,2026-08-12 00:54:05.415656+00:00,True,1979.0,1.274027038984901
a927cdb0-c48e-4be0-8cde-879d3cddc3e5,58a5f927-50e1-4e46-9f6e-38fdfbde9bcd,9EDCzStHGJA8CMJY66hNaYifPqjotUr8ef28rNsmpump,2026-08-10 15:32:16.770784+00:00,2026-08-12 12:15:25.098934+00:00,0.005477,0.0105525,44.8972,170164.68,1587.18,5475884.0,2026-08-10 15:32:16.770784+00:00,11,77573.88,170164.68,156.89245937557058,-99.97129815592477,2026-08-12 09:12:13.501511+00:00,2026-08-12 12:15:25.098934+00:00,True,3529.0,0.45587533206068387
cbc44f09-258d-4c82-8b10-89087af7521c,6d86ad14-032c-4b26-bf64-63c84548e656,2PAhsvKHcGqU7NoEgpMgxSsBZKDnLwXRwk5hKe3ypump,2026-08-11 03:29:21.852802+00:00,2026-08-12 13:30:26.555909+00:00,0.0001122,8.43e-05,-26.8087,23363.77,20126.68,110107.0,2026-08-11 03:29:21.852802+00:00,18,4136.02,23363.77,0.17825311942958227,-24.955436720142604,2026-08-11 05:40:46.161835+00:00,2026-08-12 13:30:26.555909+00:00,False,3033.0,0.17702708081786458
fb15ba41-cbd0-4833-b501-fa1edc85cea3,757ed7f0-ff5c-4100-9206-f328299e5c25,Xyj8Lb4t2UmuJU2bLijkbZNHxTdSTCyyteWhAGzpump,2026-08-08 12:55:00.105365+00:00,2026-08-12 15:28:10.469171+00:00,0.00461,0.00654525,14.4963,155403.79,1514.03,4608964.0,2026-08-08 12:55:00.105365+00:00,3,109545.8,155403.79,89.3058568329718,-99.96778741865509,2026-08-12 12:29:13.177565+00:00,2026-08-12 15:28:10.469171+00:00,True,8765.0,0.7049107360895124
dc97c5ef-baea-4093-8250-19d5e839662a,2bb7c613-3a2f-4c2f-accb-16fc77797d5b,6HjvVo8yHNR4fLH3E2fXDACPvsc8mAtuuRRJagmQpump,2026-08-12 15:28:11.172562+00:00,2026-08-12 15:37:36.680420+00:00,2.356e-05,1.767e-05,-28.8578,9979.85,8466.27,22411.0,2026-08-12 15:28:11.172562+00:00,10,184995.02,9979.85,-0.4244482173174975,-25.00000000000001,2026-08-12 15:37:18.206870+00:00,2026-08-12 15:37:36.680420+00:00,False,2.0,18.53685376032706
81a915c1-534a-492f-bbb8-e072d6bbac24,4ae141b1-8ce5-4292-8e58-62a270ed4b07,CFASPx9Fp95FQdxydtDxFWgL8g5PavDgcNaamZmdpump,2026-08-12 00:54:07.043835+00:00,2026-08-12 16:38:22.411574+00:00,5.221e-06,3.9945e-06,-31.5076,4593.26,3737.61,5100.0,2026-08-12 00:54:07.043835+00:00,17,18613.08,4593.26,2.0111089829534703,-26.48917831832981,2026-08-12 01:51:24.895633+00:00,2026-08-12 16:38:22.411574+00:00,False,653.0,4.052259179754684
ecd39bb8-b917-445e-8825-9ed3a013a56d,e5c8744c-153c-460d-b276-1dce1bd20804,F1XdReoHL3GweeCG4sgoZGAdsUNt8sda8n5EE2TNpump,2026-08-12 15:28:11.172562+00:00,2026-08-12 17:54:59.749807+00:00,2.431e-05,1.82325e-05,-28.3931,11849.9,9531.01,23572.0,2026-08-12 15:28:11.172562+00:00,12,13625.33,11849.9,-5.2241875771287525,-31.715343480049356,2026-08-12 16:38:13.259090+00:00,2026-08-12 17:54:59.749807+00:00,False,5.0,1.149826580815028
810875e9-800f-4cea-a0f1-7b4aa6b36346,71f5d333-d204-460d-bf76-4b7b28bcd53d,46amR3aeQE7MJ9QDrgNRqBP3FcsJ9QNYV71L2vVSpump,2026-08-12 12:15:26.314877+00:00,2026-08-12 20:42:43.339902+00:00,0.0002152,0.000173175,-20.8893,44008.15,35478.48,204656.0,2026-08-12 12:15:26.314877+00:00,19,402856.12,44008.15,7.29553903345725,-33.7360594795539,2026-08-12 13:34:46.764404+00:00,2026-08-12 20:42:43.339902+00:00,False,228.0,9.15412531542453
58f9af99-25c5-44b6-ba85-4b9a41544440,c4776d3a-7fc2-46c6-af9e-7cac574dd998,C6KwzgqzumjGSyV4WquUXuGWQQiZKgJBdiZ6evs4pump,2026-08-11 20:16:39.045925+00:00,2026-08-12 21:43:24.654205+00:00,7.679e-06,6.885e-06,-19.9073,5065.12,3183.8,7375.0,2026-08-11 20:16:39.045925+00:00,19,10464.56,5065.12,19.546815991665575,-50.319051959890615,2026-08-12 05:43:09.798958+00:00,2026-08-12 21:43:24.654205+00:00,False,672.0,2.0660043592254476
8e4700d5-5f57-4dfe-9f2f-8a5342908f47,039794f7-f7de-48f6-9e34-bae582b096b8,nokrK27iKrZfPc9Vg5rwGvcVRuDdoYupLdvbYKQpump,2026-08-12 12:15:26.314877+00:00,2026-08-12 23:00:44.791788+00:00,0.002392,0.002775,-1.4527,112805.94,1617.72,2390367.0,2026-08-12 12:15:26.314877+00:00,3,92091.67,112805.94,54.68227424749165,-99.93273411371237,2026-08-12 20:42:21.906478+00:00,2026-08-12 23:00:44.791788+00:00,True,213.0,0.8163725243546571
e78933dd-6485-4a3d-8451-a2da1e0348f9,23f47376-fe21-4405-8701-c68b3c5a8ed6,E5iDD4kt9gDxTaAeoCNeN3CcZAWB7FvbPXwqJuuHpump,2026-08-12 21:43:25.335018+00:00,2026-08-13 02:02:45.501341+00:00,1.657e-05,2.2095e-05,26.3792,8062.48,9398.74,15722.0,2026-08-12 21:43:25.335018+00:00,8,4503.11,8062.48,77.79118889559446,0.0,2026-08-12 22:23:04.235498+00:00,2026-08-12 21:43:32.405366+00:00,False,9.0,0.5585266568103114
aa6069ba-a66e-452f-af97-d115c79ed7d7,89fb4ffa-1954-48e6-bbc9-926e4a8e8a12,7bfCYSDYFibjw5aFX9p9yCdS7gDKV5CmJQYc6jCepump,2026-08-11 05:40:49.662616+00:00,2026-08-13 17:18:35.424172+00:00,3.773e-06,2.886e-06,-38.4879,3184.38,1432.52,3722.0,2026-08-11 05:40:49.662616+00:00,10,53068.16,3184.38,1.9878081102570933,-62.47018287834615,2026-08-11 07:38:06.003889+00:00,2026-08-13 17:18:35.424172+00:00,False,2463.0,16.665146747561536
002813f4-6130-4db9-994e-18fc0eaef2ca,0781750a-c122-4822-b6f6-25a8a4a247b4,AahMPDKa7FRnRikC8r1G3BLJkfptE5afVJY5Cx9mpump,2026-08-13 17:18:35.913603+00:00,2026-08-14 09:33:22.183207+00:00,4.075e-06,3.171e-06,-32.9949,3407.77,2747.16,3940.0,2026-08-13 17:18:35.913603+00:00,3,5316.82,3407.77,3.7546012269938664,-26.085889570552144,2026-08-13 18:34:26.472957+00:00,2026-08-14 09:33:22.183207+00:00,False,23.0,1.560205060787553
a86a3b59-63f6-429a-8bec-68599b587ca5,8ce97a40-f51d-4d40-84d6-b9fcdce3fdcb,FKyBKC3795oqVnY1Q93BcvgU7FaAz9rY5nHizZdqpump,2026-08-11 17:18:28.093514+00:00,2026-08-15 00:09:26.237336+00:00,2.517e-06,1.92225e-06,-39.4455,2327.47,1742.6,2400.0,2026-08-11 17:18:28.093514+00:00,9,13578.27,2327.47,1.8275725069527071,-29.558998808104892,2026-08-11 17:31:10.592543+00:00,2026-08-15 00:09:26.237336+00:00,False,1228.0,5.833918374887754
0f967d0e-eda4-4007-a4ea-9ad51f123246,a07b4731-9c78-4d49-8b48-2b24c69ead7f,8TfggLjCG1ba17nBAjASVnRaWgwxaRaMmZZkXcy2pump,2026-08-14 09:33:23.243542+00:00,2026-08-15 01:50:19.527858+00:00,2.048e-05,2.01975e-05,-6.3397,9138.39,8940.06,19664.0,2026-08-14 09:33:23.243542+00:00,8,12631.87,9138.39,31.494140625000007,-14.257812499999995,2026-08-14 14:50:41.619349+00:00,2026-08-14 11:35:01.154899+00:00,False,60.0,1.3822861576273284
